 ,Area,Mean,StdDev,Mode,Min,Max,X,Y,XM,YM,Perim.,BX,BY,Width,Height,Major,Minor,Angle,Circ.,Feret,IntDen,Median,Skew,Kurt,%Area,RawIntDen,FeretX,FeretY,FeretAngle,MinFeret,AR,Round,Solidity,XStart,YStart,Area/Perim.,Ferets AR,Compactness,Extent,Neighbors,Area Convext Hull,Perim Convext Hull,PoN,PSR,PAR,Poly_Ave,HSR,HAR,Hex_Ave
1,110,255,0,255,255,255,811.691,16.245,811.691,16.245,40.042,804.000,12.000,15,10,14.763,9.487,175.019,0.862,15.811,28050,255,NaN,NaN,100,28050,804,13,161.565,10.000,1.556,0.643,0.909,806,12,2.747,1.581,0.802,0.733,0,121.000,40.947,NaN,NaN,NaN,NaN,NaN,NaN,NaN
2,59,255,0,255,255,255,643.873,30.415,643.873,30.415,28.971,640.000,26.000,8,10,10.310,7.286,115.132,0.883,12.207,15045,255,NaN,NaN,100,15045,640,26,124.992,8.000,1.415,0.707,0.894,640,26,2.037,1.526,0.841,0.738,0,66.000,30.241,NaN,NaN,NaN,NaN,NaN,NaN,NaN
3,1610,255,0,255,255,255,770.432,45.616,770.432,45.616,188.024,737.000,27.000,64,45,63.741,32.160,161.267,0.572,70.214,410550,255,NaN,NaN,100,410550,737,30,144.273,37.756,1.982,0.505,0.804,757,27,8.563,1.860,0.710,0.559,0,2002.500,166.576,NaN,NaN,NaN,NaN,NaN,NaN,NaN
4,214,255,0,255,255,255,21.421,580.299,21.421,580.299,57.456,11.000,574.000,22,12,22.987,11.853,169.781,0.815,23.087,54570,255,NaN,NaN,100,54570,11,577,162.350,12.000,1.939,0.516,0.941,14,574,3.725,1.924,0.718,0.811,0,227.500,56.146,NaN,NaN,NaN,NaN,NaN,NaN,NaN
5,2701,255,0,255,255,255,143.628,652.957,143.628,652.957,213.664,112.000,618.000,63,74,67.595,50.877,58.371,0.743,75.313,688755,255,NaN,NaN,100,688755,142,692,79.287,54.560,1.329,0.753,0.921,151,618,12.641,1.380,0.868,0.579,4,2931.500,201.544,53.416,0.972,0.947,9.594,0.856,0.860,8.581
6,2394,255,0,255,255,255,244.055,655.128,244.055,655.128,202.368,219.000,618.000,47,68,64.830,47.017,71.422,0.735,72.450,610470,255,NaN,NaN,100,610470,236,686,69.814,47.000,1.379,0.725,0.944,260,618,11.830,1.541,0.852,0.749,3,2535.500,187.438,67.456,0.907,0.785,8.461,0.830,0.787,8.084
7,342,255,0,255,255,255,93.646,629.091,93.646,629.091,71.255,81.000,620.000,25,20,23.899,18.220,176.667,0.846,25.962,87210,255,NaN,NaN,100,87210,81,633,15.642,20.000,1.312,0.762,0.898,89,620,4.800,1.298,0.873,0.684,2,381.000,72.659,35.627,NaN,NaN,NaN,NaN,NaN,NaN
8,221,255,0,255,255,255,110.283,636.871,110.283,636.871,60.083,100.000,627.000,21,19,18.210,15.453,33.398,0.769,21.378,56355,255,NaN,NaN,100,56355,100,640,10.784,17.453,1.178,0.849,0.860,107,627,3.678,1.225,0.921,0.554,3,257.000,59.675,20.028,0.887,0.728,8.071,0.848,0.916,8.822
9,7385,255,0,255,255,255,78.666,700.855,78.666,700.855,441.848,35.000,628.000,97,133,127.205,73.919,97.159,0.475,140.663,1883175,255,NaN,NaN,100,1883175,57,628,122.221,93.056,1.721,0.581,0.772,57,628,16.714,1.512,0.762,0.572,11,9562.000,363.999,40.168,0.570,0.489,5.291,0.709,0.694,7.017
10,1180,255,0,255,255,255,40.988,660.158,40.988,660.158,153.296,20.000,633.000,38,53,60.237,24.942,64.771,0.631,61.911,300900,255,NaN,NaN,100,300900,23,686,58.878,26.980,2.415,0.414,0.901,51,633,7.698,2.295,0.643,0.586,2,1310.000,134.729,76.648,NaN,NaN,NaN,NaN,NaN,NaN
11,4345,255,0,255,255,255,182.240,681.002,182.240,681.002,279.037,139.000,639.000,81,84,102.428,54.011,51.399,0.701,111.018,1107975,255,NaN,NaN,100,1107975,139,719,44.635,56.691,1.896,0.527,0.934,194,639,15.571,1.958,0.726,0.639,6,4654.500,253.958,46.506,0.863,0.773,8.180,0.739,0.600,6.699
12,2036,255,0,255,255,255,117.630,699.820,117.630,699.820,176.167,94.000,667.000,48,60,56.201,46.126,96.712,0.824,62.936,519180,255,NaN,NaN,100,519180,112,667,107.571,47.133,1.218,0.821,0.946,112,667,11.557,1.335,0.906,0.707,4,2152.500,172.702,44.042,0.976,0.950,9.632,0.886,0.897,8.917
13,2779,255,0,255,255,255,215.501,720.842,215.501,720.842,217.238,189.000,678.000,49,81,78.917,44.836,74.590,0.740,82.037,708645,255,NaN,NaN,100,708645,211,759,80.882,47.398,1.760,0.568,0.951,219,678,12.792,1.731,0.754,0.700,6,2922.500,201.235,36.206,0.893,0.816,8.545,0.793,0.705,7.489
14,2317,255,0,255,255,255,250.348,731.698,250.348,731.698,232.569,232.000,685.000,34,93,99.494,29.651,91.477,0.538,93.904,590835,255,NaN,NaN,100,590835,249,778,82.042,33.716,3.355,0.298,0.894,246,685,9.963,2.785,0.546,0.733,4,2591.500,189.496,58.142,0.792,0.685,7.388,0.571,0.222,3.968
15,825,255,0,255,255,255,26.763,706.524,26.763,706.524,121.598,12.000,687.000,29,40,43.707,24.033,73.471,0.701,46.648,210375,255,NaN,NaN,100,210375,17,727,59.036,26.171,1.819,0.550,0.919,23,687,6.785,1.782,0.742,0.711,2,898.000,111.548,60.799,NaN,NaN,NaN,NaN,NaN,NaN
16,1164,255,0,255,255,255,178.754,744.655,178.754,744.655,153.983,166.000,716.000,29,57,57.044,25.981,87.452,0.617,58.464,296820,255,NaN,NaN,100,296820,177,773,77.152,28.587,2.196,0.455,0.868,186,716,7.559,2.045,0.675,0.704,5,1341.500,136.339,30.797,0.816,0.713,7.647,0.701,0.549,6.254
17,2004,255,0,255,255,255,150.557,755.755,150.557,755.755,218.024,132.000,720.000,35,85,83.204,30.667,91.636,0.530,86.313,511020,255,NaN,NaN,100,511020,137,720,100.008,34.478,2.713,0.369,0.856,137,720,9.192,2.503,0.607,0.674,8,2342.000,180.144,27.253,0.662,0.559,6.105,0.603,0.331,4.668
18,390,255,0,255,255,255,49.818,751.256,49.818,751.256,75.941,40.000,740.000,23,22,23.855,20.816,137.667,0.850,27.803,99450,255,NaN,NaN,100,99450,41,740,142.306,22.000,1.146,0.873,0.947,41,740,5.136,1.264,0.934,0.771,3,412.000,75.557,25.314,0.843,0.594,7.190,0.890,0.917,9.037
19,1909,255,0,255,255,255,116.343,773.923,116.343,773.923,179.095,85.000,748.000,56,52,54.766,44.381,11.577,0.748,58.310,486795,255,NaN,NaN,100,486795,88,762,149.036,44.272,1.234,0.810,0.925,130,748,10.659,1.317,0.900,0.656,5,2064.000,169.114,35.819,0.925,0.865,8.948,0.876,0.886,8.807
20,1061,255,0,255,255,255,227.843,774.711,227.843,774.711,130.125,212.000,752.000,36,44,41.622,32.457,101.485,0.787,44.283,270555,255,NaN,NaN,100,270555,228,752,96.483,35.174,1.282,0.780,0.934,228,752,8.154,1.259,0.883,0.670,5,1135.500,125.435,26.025,0.952,0.911,9.313,0.893,0.926,9.096
21,908,255,0,255,255,255,199.579,774.912,199.579,774.912,118.225,184.000,754.000,29,42,41.575,27.808,97.076,0.816,42.297,231540,255,NaN,NaN,100,231540,196,754,96.789,28.788,1.495,0.669,0.941,196,754,7.680,1.469,0.818,0.745,5,964.500,115.605,23.645,0.971,0.944,9.574,0.856,0.835,8.457
22,147,255,0,255,255,255,79.507,762.840,79.507,762.840,45.456,71.000,757.000,16,12,16.432,11.391,158.644,0.894,17.464,37485,255,NaN,NaN,100,37485,71,759,156.371,12.000,1.443,0.693,0.925,74,757,3.234,1.455,0.833,0.766,4,159.000,46.938,11.364,0.937,0.862,8.995,0.856,0.844,8.500
23,862,255,0,255,255,255,57.984,776.094,57.984,776.094,119.054,39.000,758.000,37,36,37.994,28.887,50.451,0.764,40.361,219810,255,NaN,NaN,100,219810,40,787,41.987,30.726,1.315,0.760,0.905,62,758,7.240,1.314,0.872,0.647,8,952.000,114.853,14.882,0.886,0.806,8.462,0.873,0.898,8.854
24,837,255,0,255,255,255,24.824,774.056,24.824,774.056,117.497,6.000,760.000,39,29,41.345,25.776,13.462,0.762,42.544,213435,255,NaN,NaN,100,213435,6,780,23.552,27.065,1.604,0.623,0.914,39,760,7.124,1.572,0.790,0.740,4,915.500,112.630,29.374,0.985,0.970,9.774,0.822,0.781,8.017
25,1145,255,0,255,255,255,87.825,796.557,87.825,796.557,146.995,68.000,770.000,44,50,48.324,30.168,126.324,0.666,52.202,291975,255,NaN,NaN,100,291975,77,770,106.699,33.419,1.602,0.624,0.863,77,770,7.789,1.562,0.790,0.520,7,1327.000,135.600,20.999,0.817,0.715,7.658,0.795,0.764,7.794
26,1262,255,0,255,255,255,174.934,794.716,174.934,794.716,146.225,153.000,771.000,44,42,42.849,37.499,127.203,0.742,50.478,321810,255,NaN,NaN,100,321810,166,771,123.690,40.629,1.143,0.875,0.916,166,771,8.631,1.242,0.935,0.683,6,1377.000,138.131,24.371,0.894,0.818,8.560,0.863,0.907,8.851
27,2252,255,0,255,255,255,256.337,813.788,256.337,813.788,192.510,234.000,778.000,47,68,66.998,42.797,101.008,0.764,68.184,574260,255,NaN,NaN,100,574260,257,846,85.795,44.555,1.565,0.639,0.948,257,778,11.698,1.530,0.799,0.705,4,2376.500,181.466,48.127,0.986,0.972,9.790,0.838,0.798,8.181
28,408,255,0,255,255,255,26.846,798.525,26.846,798.525,85.355,17.000,785.000,22,28,30.148,17.231,60.041,0.704,33.838,104040,255,NaN,NaN,100,104040,19,813,55.840,19.997,1.750,0.572,0.903,33,785,4.780,1.692,0.756,0.662,4,452.000,79.140,21.339,0.944,0.896,9.198,0.775,0.705,7.396
29,668,255,0,255,255,255,44.907,807.744,44.907,807.744,105.154,30.000,788.000,29,35,33.288,25.550,84.548,0.759,35.847,170340,255,NaN,NaN,100,170340,40,788,112.989,27.577,1.303,0.768,0.911,40,788,6.353,1.300,0.876,0.658,7,733.500,100.815,15.022,0.892,0.815,8.533,0.875,0.902,8.885
30,299,255,0,255,255,255,65.380,802.911,65.380,802.911,69.941,56.000,791.000,19,23,23.960,15.889,115.192,0.768,25.495,76245,255,NaN,NaN,100,76245,56,795,138.180,15.934,1.508,0.663,0.914,65,791,4.275,1.600,0.814,0.684,5,327.000,67.313,13.988,0.939,0.888,9.135,0.818,0.770,7.937
31,1553,255,0,255,255,255,217.270,815.981,217.270,815.981,156.225,195.000,792.000,41,50,51.214,38.609,113.831,0.800,54.452,396015,255,NaN,NaN,100,396015,198,797,134.256,40.376,1.326,0.754,0.943,213,792,9.941,1.349,0.868,0.758,7,1647.500,151.091,22.318,0.920,0.858,8.892,0.882,0.888,8.851
32,382,255,0,255,255,255,129.547,802.050,129.547,802.050,82.184,113.000,793.000,33,16,32.419,15.003,7.700,0.711,33.136,97410,255,NaN,NaN,100,97410,113,801,174.806,16.000,2.161,0.463,0.935,132,793,4.648,2.071,0.680,0.723,5,408.500,75.235,16.437,0.897,0.822,8.594,0.724,0.559,6.415
33,815,255,0,255,255,255,133.617,820.527,133.617,820.527,119.154,117.000,805.000,38,33,40.885,25.381,28.372,0.721,43.932,207825,255,NaN,NaN,100,207825,119,835,41.309,29.802,1.611,0.621,0.898,146,805,6.840,1.474,0.788,0.650,7,907.500,112.137,17.022,0.863,0.774,8.187,0.824,0.809,8.164
34,753,255,0,255,255,255,104.325,827.853,104.325,827.853,110.468,89.000,807.000,29,40,38.711,24.767,67.170,0.775,42.720,192015,255,NaN,NaN,100,192015,98,847,69.444,28.111,1.563,0.640,0.925,112,807,6.816,1.520,0.800,0.649,6,814.000,106.203,18.411,0.919,0.855,8.868,0.828,0.796,8.121
35,1246,255,0,255,255,255,177.801,827.807,177.801,827.807,141.640,154.000,811.000,48,36,46.155,34.372,165.639,0.780,51.078,317730,255,NaN,NaN,100,317730,155,813,156.949,34.528,1.343,0.745,0.941,156,811,8.797,1.479,0.863,0.721,6,1324.000,135.447,23.607,0.922,0.861,8.913,0.850,0.824,8.369
36,296,255,0,255,255,255,26.659,824.115,26.659,824.115,67.698,19.000,812.000,17,23,23.029,16.365,100.901,0.812,24.187,75480,255,NaN,NaN,100,75480,20,814,119.745,17.000,1.407,0.711,0.922,27,812,4.372,1.423,0.843,0.757,3,321.000,66.693,22.566,0.863,0.658,7.604,0.862,0.856,8.590
37,431,255,0,255,255,255,79.973,826.630,79.973,826.630,81.255,69.000,812.000,22,28,26.034,21.079,91.440,0.820,28.160,109905,255,NaN,NaN,100,109905,76,812,96.116,22.000,1.235,0.810,0.907,76,812,5.304,1.280,0.900,0.700,6,475.000,81.128,13.542,0.949,0.905,9.266,0.887,0.924,9.054
38,130,255,0,255,255,255,64.431,818.685,64.431,818.685,43.456,56.000,813.000,16,11,15.354,10.780,178.868,0.865,16.763,33150,255,NaN,NaN,100,33150,56,820,17.354,11.000,1.424,0.702,0.906,60,813,2.992,1.524,0.838,0.739,4,143.500,44.591,10.864,0.953,0.899,9.257,0.836,0.813,8.244
39,1039,255,0,255,255,255,146.694,845.262,146.694,845.262,131.640,128.000,820.000,35,43,39.399,33.577,67.987,0.753,44.654,264945,255,NaN,NaN,100,264945,128,857,55.954,35.000,1.173,0.852,0.923,151,820,7.893,1.276,0.923,0.690,4,1126.000,124.909,32.910,0.979,0.959,9.692,0.879,0.909,8.937
40,595,255,0,255,255,255,50.945,832.908,50.945,832.908,98.669,33.000,821.000,36,23,35.700,21.221,6.983,0.768,36.688,151725,255,NaN,NaN,100,151725,33,836,17.447,22.358,1.682,0.594,0.914,55,821,6.030,1.641,0.771,0.719,4,651.000,94.976,24.667,0.989,0.978,9.833,0.809,0.752,7.803
41,1198,255,0,255,255,255,208.088,855.181,208.088,855.181,138.368,185.000,834.000,45,40,46.317,32.933,145.537,0.786,49.659,305490,255,NaN,NaN,100,305490,185,847,154.983,33.957,1.406,0.711,0.931,201,834,8.658,1.462,0.843,0.666,4,1287.000,133.541,34.592,0.999,0.999,9.991,0.852,0.833,8.428
42,680,255,0,255,255,255,113.597,853.376,113.597,853.376,103.497,98.000,836.000,30,32,36.056,24.013,46.040,0.798,39.051,173400,255,NaN,NaN,100,173400,98,864,39.806,26.348,1.502,0.666,0.927,118,836,6.570,1.482,0.816,0.708,4,733.500,100.815,25.874,0.992,0.984,9.883,0.844,0.823,8.336
43,1906,255,0,255,255,255,240.858,871.270,240.858,871.270,196.853,220.000,837.000,43,64,64.437,37.662,88.445,0.618,65.513,486030,255,NaN,NaN,100,486030,225,901,77.661,43.000,1.711,0.584,0.839,235,837,9.682,1.524,0.765,0.693,5,2272.500,177.451,39.371,0.817,0.715,7.659,0.787,0.766,7.766
44,543,255,0,255,255,255,86.362,853.819,86.362,853.819,89.740,73.000,838.000,26,30,29.013,23.830,93.262,0.847,30.594,138465,255,NaN,NaN,100,138465,82,868,78.690,25.223,1.217,0.821,0.916,85,838,6.051,1.213,0.906,0.696,3,592.500,90.609,29.913,0.845,0.599,7.217,0.903,0.958,9.305
45,387,255,0,255,255,255,175.286,855.730,175.286,855.730,78.527,163.000,845.000,25,21,27.739,17.764,149.621,0.789,30.610,98685,255,NaN,NaN,100,98685,164,845,141.633,19.535,1.562,0.640,0.916,164,845,4.928,1.567,0.800,0.737,3,422.500,76.514,26.176,0.876,0.696,7.856,0.821,0.782,8.015
46,1227,255,0,255,255,255,277.048,917.740,277.048,917.740,152.510,255.000,891.000,42,52,56.216,27.791,122.509,0.663,57.628,312885,255,NaN,NaN,100,312885,259,892,128.660,33.316,2.023,0.494,0.871,261,891,8.045,1.730,0.703,0.562,6,1409.500,139.752,25.418,0.830,0.731,7.807,0.762,0.689,7.254
47,621,255,0,255,255,255,235.291,911.213,235.291,911.213,104.811,220.000,899.000,35,30,35.709,22.143,35.491,0.710,39.205,158355,255,NaN,NaN,100,158355,223,923,37.747,25.346,1.613,0.620,0.901,239,899,5.925,1.547,0.787,0.591,5,689.000,97.709,20.962,0.897,0.821,8.590,0.809,0.775,7.919
48,401,255,0,255,255,255,210.744,918.837,210.744,918.837,80.569,199.000,904.000,23,29,25.903,19.710,68.382,0.776,29.069,102255,255,NaN,NaN,100,102255,208,904,93.945,21.582,1.314,0.761,0.891,208,904,4.977,1.347,0.872,0.601,2,450.000,78.964,40.284,NaN,NaN,NaN,NaN,NaN,NaN
49,1149,255,0,255,255,255,248.922,932.458,248.922,932.458,136.024,231.000,906.000,35,49,50.241,29.119,60.861,0.780,53.235,292995,255,NaN,NaN,100,292995,232,953,61.991,30.561,1.725,0.580,0.941,255,906,8.447,1.742,0.761,0.670,5,1220.500,130.045,27.205,0.947,0.902,9.248,0.794,0.709,7.513
50,755,255,0,255,255,255,310.440,925.964,310.440,925.964,107.983,295.000,909.000,32,34,35.033,27.440,123.659,0.814,38.833,192525,255,NaN,NaN,100,192525,295,913,145.491,28.622,1.277,0.783,0.936,311,909,6.992,1.357,0.885,0.694,3,807.000,105.746,35.994,0.862,0.654,7.581,0.878,0.885,8.813
51,890,255,0,255,255,255,217.724,947.492,217.724,947.492,120.711,203.000,924.000,28,46,44.485,25.474,74.053,0.768,46.872,226950,255,NaN,NaN,100,226950,214,970,78.930,27.828,1.746,0.573,0.928,222,924,7.373,1.684,0.757,0.691,6,959.000,115.275,20.118,0.913,0.846,8.797,0.800,0.730,7.649
52,514,255,0,255,255,255,80.720,937.305,80.720,937.305,90.569,67.000,925.000,29,28,26.626,24.579,134.585,0.787,30.083,131070,255,NaN,NaN,100,131070,72,925,111.448,26.174,1.083,0.923,0.913,72,925,5.675,1.149,0.961,0.633,3,563.000,88.324,30.190,0.876,0.698,7.869,0.890,0.959,9.246
53,512,255,0,255,255,255,57.193,939.873,57.193,939.873,89.255,45.000,927.000,25,29,28.197,23.120,109.638,0.808,30.083,130560,255,NaN,NaN,100,130560,46,928,111.448,22.940,1.220,0.820,0.926,53,927,5.736,1.311,0.906,0.706,2,553.000,87.536,44.627,NaN,NaN,NaN,NaN,NaN,NaN
54,1690,255,0,255,255,255,104.353,956.041,104.353,956.041,161.196,80.000,930.000,46,51,55.543,38.741,56.704,0.817,57.385,430950,255,NaN,NaN,100,430950,83,976,48.532,39.729,1.434,0.697,0.940,114,930,10.484,1.444,0.835,0.720,4,1798.500,157.863,40.299,0.980,0.959,9.698,0.862,0.846,8.541
55,1087,255,0,255,255,255,298.798,957.820,298.798,957.820,129.539,281.000,936.000,38,42,38.680,35.781,97.491,0.814,42.190,277185,255,NaN,NaN,100,277185,294,978,84.560,37.389,1.081,0.925,0.924,297,936,8.391,1.128,0.962,0.681,6,1176.500,127.680,21.590,0.944,0.898,9.210,0.906,0.967,9.367
56,1231,255,0,255,255,255,330.868,962.374,330.868,962.374,149.480,312.000,936.000,41,50,46.611,33.627,102.756,0.692,50.249,313905,255,NaN,NaN,100,313905,325,986,84.289,38.137,1.386,0.721,0.875,326,936,8.235,1.318,0.849,0.600,4,1407.500,139.653,37.370,0.935,0.881,9.082,0.845,0.875,8.600
57,764,255,0,255,255,255,266.452,954.508,266.452,954.508,107.640,248.000,937.000,34,33,37.185,26.160,36.720,0.829,38.588,194820,255,NaN,NaN,100,194820,249,964,31.218,28.991,1.421,0.703,0.941,267,937,7.098,1.331,0.839,0.681,5,811.500,106.040,21.528,0.978,0.958,9.683,0.886,0.899,8.929
58,437,255,0,255,255,255,68.907,959.944,68.907,959.944,81.841,55.000,947.000,27,23,26.715,20.828,16.120,0.820,28.231,111435,255,NaN,NaN,100,111435,56,965,22.932,22.786,1.283,0.780,0.918,70,947,5.340,1.239,0.883,0.704,3,476.000,81.214,27.280,0.859,0.644,7.513,0.895,0.941,9.183
59,663,255,0,255,255,255,238.544,969.075,238.544,969.075,101.054,221.000,954.000,35,29,32.605,25.890,148.044,0.816,35.228,169065,255,NaN,NaN,100,169065,221,969,173.480,28.241,1.259,0.794,0.905,232,954,6.561,1.247,0.891,0.653,6,732.500,100.746,16.842,0.946,0.900,9.227,0.887,0.935,9.106
60,260,255,0,255,255,255,157.581,965.788,157.581,965.788,61.841,147.000,957.000,22,18,20.718,15.979,16.664,0.854,22.204,66300,255,NaN,NaN,100,66300,147,963,172.235,16.547,1.297,0.771,0.909,157,957,4.204,1.342,0.878,0.657,2,286.000,62.952,30.920,NaN,NaN,NaN,NaN,NaN,NaN
61,855,255,0,255,255,255,195.481,981.219,195.481,981.219,118.125,179.000,961.000,34,40,42.533,25.595,57.241,0.770,43.863,218025,255,NaN,NaN,100,218025,185,1001,65.772,27.611,1.662,0.602,0.922,200,961,7.238,1.589,0.776,0.629,5,927.500,113.366,23.625,0.940,0.890,9.153,0.821,0.774,7.975
62,929,255,0,255,255,255,132.875,978.920,132.875,978.920,117.296,113.000,962.000,39,34,36.101,32.765,17.183,0.849,39.459,236895,255,NaN,NaN,100,236895,113,981,8.746,34.000,1.102,0.908,0.935,126,962,7.920,1.161,0.953,0.701,5,993.500,117.330,23.459,0.990,0.981,9.858,0.916,0.980,9.483
63,1074,255,0,255,255,255,271.951,984.304,271.951,984.304,127.054,253.000,966.000,40,37,40.069,34.128,18.597,0.836,42.154,273870,255,NaN,NaN,100,273870,254,994,22.306,33.673,1.174,0.852,0.942,275,966,8.453,1.252,0.923,0.726,6,1140.000,125.683,21.176,0.958,0.922,9.402,0.907,0.939,9.229
64,650,255,0,255,255,255,165.840,982.114,165.840,982.114,106.569,148.000,967.000,35,30,38.934,21.257,33.099,0.719,40.817,165750,255,NaN,NaN,100,165750,148,992,30.964,24.459,1.832,0.546,0.881,169,967,6.099,1.669,0.739,0.619,5,738.000,101.124,21.314,0.903,0.832,8.676,0.787,0.729,7.580
65,897,255,0,255,255,255,219.992,991.491,219.992,991.491,121.296,201.000,971.000,38,37,36.372,31.400,49.234,0.766,40.497,228735,255,NaN,NaN,100,228735,201,998,20.225,31.257,1.158,0.863,0.901,214,971,7.395,1.296,0.929,0.638,6,996.000,117.478,20.216,0.912,0.845,8.784,0.876,0.906,8.910
66,2300,255,0,255,255,255,354.567,1002.964,354.567,1002.964,190.309,326.000,971.000,59,59,59.440,49.267,140.365,0.798,65.368,586500,255,NaN,NaN,100,586500,326,987,150.690,49.012,1.206,0.829,0.921,354,971,12.086,1.334,0.910,0.661,6,2498.500,186.065,31.718,0.934,0.880,9.070,0.879,0.896,8.876
67,1012,255,0,255,255,255,308.455,994.151,308.455,994.151,123.397,289.000,975.000,36,38,38.560,33.416,129.418,0.835,42.450,258060,255,NaN,NaN,100,258060,294,979,136.909,35.964,1.154,0.867,0.935,307,975,8.201,1.180,0.931,0.740,7,1082.000,122.444,17.628,0.944,0.896,9.199,0.903,0.957,9.303
68,1129,255,0,255,255,255,106.842,1002.263,106.842,1002.263,132.468,91.000,980.000,34,46,43.327,33.177,91.335,0.809,46.872,287895,255,NaN,NaN,100,287895,103,1026,78.930,33.800,1.306,0.766,0.941,107,980,8.523,1.387,0.875,0.722,4,1200.000,128.948,33.117,0.986,0.971,9.781,0.874,0.872,8.730
69,1175,255,0,255,255,255,247.651,1009.887,247.651,1009.887,141.983,231.000,982.000,34,49,46.922,31.884,98.715,0.732,50.695,299625,255,NaN,NaN,100,299625,245,982,104.859,34.000,1.472,0.680,0.896,245,982,8.276,1.491,0.824,0.705,7,1311.000,134.780,20.283,0.872,0.786,8.290,0.830,0.811,8.205
70,795,255,0,255,255,255,167.653,1009.408,167.653,1009.408,113.983,152.000,991.000,32,37,39.249,25.790,59.917,0.769,40.311,202725,255,NaN,NaN,100,202725,158,1026,60.255,26.980,1.522,0.657,0.923,173,991,6.975,1.494,0.811,0.671,6,861.000,109.226,18.997,0.914,0.848,8.809,0.842,0.816,8.291
71,725,255,0,255,255,255,139.435,1007.762,139.435,1007.762,107.154,124.000,992.000,32,33,33.617,27.459,39.357,0.793,36.235,184875,255,NaN,NaN,100,184875,124,1015,27.979,29.655,1.224,0.817,0.906,144,992,6.766,1.222,0.904,0.687,6,800.000,105.286,17.859,0.931,0.875,9.029,0.889,0.944,9.169
72,625,255,0,255,255,255,278.663,1011.858,278.663,1011.858,99.740,265.000,997.000,30,31,33.598,23.685,43.980,0.789,35.468,159375,255,NaN,NaN,100,159375,266,1024,49.574,26.528,1.419,0.705,0.934,285,997,6.266,1.337,0.840,0.672,5,669.500,96.316,19.948,0.953,0.913,9.332,0.876,0.888,8.821
73,788,255,0,255,255,255,190.398,1017.787,190.398,1017.787,114.468,174.000,999.000,34,37,41.663,24.082,54.391,0.756,43.566,200940,255,NaN,NaN,100,200940,178,1036,58.134,24.653,1.730,0.578,0.932,199,999,6.884,1.767,0.760,0.626,6,845.500,108.239,19.078,0.905,0.833,8.689,0.786,0.695,7.404
74,1121,255,0,255,255,255,215.481,1028.498,215.481,1028.498,136.711,193.000,1007.000,41,42,44.721,31.916,61.280,0.754,48.877,285855,255,NaN,NaN,100,285855,205,1049,59.237,32.815,1.401,0.714,0.905,220,1007,8.200,1.489,0.845,0.651,6,1239.000,131.027,22.785,0.903,0.831,8.671,0.836,0.816,8.263
75,1186,255,0,255,255,255,323.424,1034.429,323.424,1034.429,142.610,306.000,1009.000,37,51,50.227,30.065,74.830,0.733,52.393,302430,255,NaN,NaN,100,302430,315,1060,76.759,32.554,1.671,0.599,0.913,325,1009,8.316,1.609,0.774,0.629,6,1298.500,134.136,23.768,0.888,0.808,8.478,0.810,0.758,7.841
76,903,255,0,255,255,255,295.698,1028.936,295.698,1028.936,119.983,277.000,1010.000,36,36,42.002,27.374,52.437,0.788,44.688,230265,255,NaN,NaN,100,230265,282,1046,49.538,31.113,1.534,0.652,0.940,296,1010,7.526,1.436,0.807,0.697,5,961.000,115.395,23.997,0.953,0.911,9.320,0.853,0.839,8.463
77,690,255,0,255,255,255,395.559,1030.493,395.559,1030.493,102.669,384.000,1012.000,27,34,34.707,25.313,112.852,0.823,37.202,175950,255,NaN,NaN,100,175950,386,1012,126.254,27.000,1.371,0.729,0.948,386,1012,6.721,1.378,0.854,0.752,3,728.000,100.436,34.223,0.857,0.639,7.484,0.877,0.877,8.767
78,1091,255,0,255,255,255,118.395,1038.608,118.395,1038.608,126.368,102.000,1016.000,33,46,43.163,32.182,69.720,0.859,47.297,278205,255,NaN,NaN,100,278205,113,1062,76.551,33.000,1.341,0.746,0.954,122,1016,8.634,1.433,0.863,0.719,4,1143.500,125.876,31.592,0.956,0.907,9.317,0.869,0.855,8.620
79,454,255,0,255,255,255,145.817,1033.901,145.817,1033.901,82.770,136.000,1020.000,21,28,28.285,20.437,68.706,0.833,30.017,115770,255,NaN,NaN,100,115770,136,1046,60.018,21.000,1.384,0.723,0.947,148,1020,5.485,1.429,0.850,0.772,5,479.500,81.512,16.554,0.981,0.963,9.720,0.867,0.856,8.615
80,411,255,0,255,255,255,375.169,1035.476,375.169,1035.476,82.770,365.000,1020.000,19,30,29.161,17.945,76.520,0.754,33.106,104805,255,NaN,NaN,100,104805,369,1050,64.983,18.901,1.625,0.615,0.929,378,1020,4.966,1.752,0.784,0.721,4,442.500,78.304,20.692,0.979,0.960,9.696,0.781,0.696,7.384
81,1478,255,0,255,255,255,266.403,1067.101,266.403,1067.101,193.681,252.000,1025.000,29,76,76.426,24.623,82.874,0.495,76.236,376890,255,NaN,NaN,100,376890,261,1101,85.486,28.530,3.104,0.322,0.815,265,1025,7.631,2.672,0.568,0.671,8,1813.500,158.520,24.210,0.616,0.522,5.692,0.563,0.254,4.084
82,516,255,0,255,255,255,163.903,1041.777,163.903,1041.777,92.426,150.000,1027.000,27,28,30.702,21.399,58.164,0.759,32.202,131580,255,NaN,NaN,100,131580,154,1055,53.842,22.283,1.435,0.697,0.886,158,1027,5.583,1.445,0.835,0.683,6,582.500,89.841,15.404,0.907,0.837,8.720,0.841,0.838,8.399
83,1010,255,0,255,255,255,244.428,1046.864,244.428,1046.864,123.296,224.000,1029.000,40,36,36.839,34.908,18.239,0.835,40.112,257550,255,NaN,NaN,100,257550,224,1047,175.711,35.921,1.055,0.948,0.935,234,1029,8.192,1.117,0.973,0.701,5,1080.000,122.331,24.659,0.982,0.965,9.738,0.913,0.967,9.399
84,1373,255,0,255,255,255,349.633,1054.063,349.633,1054.063,146.953,329.000,1031.000,40,49,48.814,35.813,75.102,0.799,52.924,350115,255,NaN,NaN,100,350115,344,1080,67.797,37.665,1.363,0.734,0.945,344,1031,9.343,1.405,0.857,0.701,6,1453.000,141.892,24.492,0.935,0.881,9.078,0.868,0.860,8.640
85,721,255,0,255,255,255,187.188,1051.519,187.188,1051.519,104.811,172.000,1035.000,32,33,31.950,28.732,68.509,0.825,35.114,183855,255,NaN,NaN,100,183855,180,1068,70.017,29.474,1.112,0.899,0.926,190,1035,6.879,1.191,0.948,0.683,6,778.500,103.862,17.469,0.951,0.909,9.304,0.908,0.966,9.370
86,1879,255,0,255,255,255,396.215,1062.556,396.215,1062.556,180.409,365.000,1041.000,61,44,63.681,37.569,12.146,0.725,65.000,479145,255,NaN,NaN,100,479145,365,1071,22.620,40.411,1.695,0.590,0.897,410,1041,10.415,1.608,0.768,0.700,7,2095.000,170.379,25.773,0.867,0.778,8.225,0.806,0.758,7.824
87,1106,255,0,255,255,255,294.168,1064.352,294.168,1064.352,129.397,277.000,1046.000,37,40,40.413,34.845,67.880,0.830,44.102,282030,255,NaN,NaN,100,282030,281,1083,57.031,36.056,1.160,0.862,0.947,296,1046,8.547,1.223,0.929,0.747,5,1167.500,127.190,25.879,0.979,0.960,9.696,0.911,0.952,9.313
88,483,255,0,255,255,255,437.823,1059.247,437.823,1059.247,86.527,426.000,1046.000,25,25,31.384,19.595,138.285,0.811,35.355,123165,255,NaN,NaN,100,123165,426,1046,135.000,21.466,1.602,0.624,0.952,426,1046,5.582,1.647,0.790,0.773,2,507.500,83.858,43.263,NaN,NaN,NaN,NaN,NaN,NaN
89,908,255,0,255,255,255,134.531,1065.122,134.531,1065.122,118.953,116.000,1047.000,37,38,41.282,28.005,46.410,0.806,42.202,231540,255,NaN,NaN,100,231540,124,1083,53.673,29.508,1.474,0.678,0.921,134,1047,7.633,1.430,0.824,0.646,5,985.500,116.857,23.791,0.964,0.932,9.484,0.859,0.852,8.557
90,2028,255,0,255,255,255,216.173,1085.840,216.173,1085.840,215.480,196.000,1049.000,40,75,80.925,31.908,95.298,0.549,77.833,517140,255,NaN,NaN,100,517140,205,1050,110.298,39.016,2.536,0.394,0.804,208,1049,9.412,1.995,0.628,0.676,8,2522.500,186.957,26.935,0.686,0.579,6.323,0.680,0.549,6.141
91,679,255,0,255,255,255,164.083,1070.136,164.083,1070.136,101.255,149.000,1055.000,30,30,31.189,27.719,97.047,0.832,34.670,173145,255,NaN,NaN,100,173145,154,1056,123.232,28.460,1.125,0.889,0.943,162,1055,6.706,1.218,0.943,0.754,6,720.000,99.883,16.876,0.956,0.918,9.369,0.909,0.953,9.312
92,1425,255,0,255,255,255,321.757,1085.153,321.757,1085.153,151.439,299.000,1060.000,45,48,44.539,40.736,65.733,0.781,48.260,363375,255,NaN,NaN,100,363375,301,1100,55.981,42.383,1.093,0.915,0.926,323,1060,9.410,1.139,0.956,0.660,7,1539.000,146.031,21.634,0.908,0.838,8.727,0.903,0.955,9.290
93,832,255,0,255,255,255,239.851,1085.272,239.851,1085.272,114.669,226.000,1065.000,25,42,41.949,25.253,84.241,0.795,44.598,212160,255,NaN,NaN,100,212160,236,1107,70.346,25.000,1.661,0.602,0.965,244,1065,7.256,1.784,0.776,0.792,4,862.500,109.321,28.667,0.994,0.988,9.907,0.793,0.694,7.433
94,691,255,0,255,255,255,188.684,1083.295,188.684,1083.295,101.598,174.000,1067.000,29,30,31.079,28.309,83.281,0.841,34.482,176205,255,NaN,NaN,100,176205,178,1097,60.461,28.968,1.098,0.911,0.955,190,1067,6.801,1.190,0.954,0.794,5,723.500,100.125,20.320,0.986,0.973,9.794,0.918,0.966,9.419
95,1287,255,0,255,255,255,435.868,1085.594,435.868,1085.594,149.095,409.000,1067.000,54,35,52.898,30.978,178.365,0.728,54.231,328185,255,NaN,NaN,100,328185,409,1083,174.710,34.843,1.708,0.586,0.886,426,1067,8.632,1.556,0.765,0.681,5,1453.000,141.892,29.819,0.910,0.841,8.755,0.814,0.782,7.976
96,927,255,0,255,255,255,359.410,1091.321,359.410,1091.321,119.296,342.000,1072.000,36,38,37.362,31.591,44.588,0.819,40.162,236385,255,NaN,NaN,100,236385,352,1110,71.114,33.352,1.183,0.846,0.930,363,1072,7.771,1.204,0.920,0.678,6,997.000,117.537,19.883,0.947,0.903,9.250,0.906,0.958,9.323
97,414,255,0,255,255,255,143.884,1087.940,143.884,1087.940,78.326,131.000,1075.000,25,25,25.414,20.742,52.876,0.848,27.313,105570,255,NaN,NaN,100,105570,138,1100,66.251,21.894,1.225,0.816,0.926,145,1075,5.286,1.247,0.903,0.662,3,447.000,78.701,26.109,0.844,0.597,7.209,0.901,0.942,9.217
98,1475,255,0,255,255,255,395.340,1102.983,395.340,1102.983,150.368,374.000,1079.000,44,47,45.236,41.516,110.565,0.820,48.166,376125,255,NaN,NaN,100,376125,379,1086,138.366,43.268,1.090,0.918,0.935,392,1079,9.809,1.113,0.958,0.713,7,1578.000,147.870,21.481,0.934,0.880,9.067,0.911,0.962,9.365
99,718,255,0,255,255,255,284.174,1100.788,284.174,1100.788,106.326,269.000,1084.000,31,33,36.837,24.817,55.652,0.798,39.699,183090,255,NaN,NaN,100,183090,272,1117,49.086,25.239,1.484,0.674,0.931,281,1084,6.753,1.573,0.821,0.702,6,771.500,103.394,17.721,0.934,0.880,9.070,0.829,0.786,8.074
100,556,255,0,255,255,255,471.637,1097.327,471.637,1097.327,92.669,457.000,1084.000,29,27,29.321,24.144,30.856,0.814,30.887,141780,255,NaN,NaN,100,141780,463,1111,60.945,25.298,1.214,0.823,0.934,469,1084,6.000,1.221,0.907,0.710,3,595.000,90.800,30.890,0.862,0.654,7.582,0.908,0.951,9.292
101,539,255,0,255,255,255,163.997,1099.064,163.997,1099.064,90.426,150.000,1086.000,27,27,28.330,24.224,72.864,0.828,31.385,137445,255,NaN,NaN,100,137445,157,1113,59.349,24.807,1.169,0.855,0.939,157,1086,5.961,1.265,0.925,0.739,5,574.000,89.183,18.085,0.978,0.958,9.680,0.901,0.932,9.162
102,922,255,0,255,255,255,188.406,1114.779,188.406,1114.779,117.640,170.000,1098.000,36,36,35.626,32.951,122.847,0.837,39.395,235110,255,NaN,NaN,100,235110,178,1098,113.962,33.566,1.081,0.925,0.942,178,1098,7.837,1.174,0.962,0.711,5,979.000,116.471,23.528,0.984,0.968,9.759,0.917,0.976,9.463
103,1044,255,0,255,255,255,438.454,1113.418,438.454,1113.418,130.225,416.000,1098.000,46,32,45.584,29.161,0.312,0.774,46.690,266220,255,NaN,NaN,100,266220,416,1119,9.866,30.494,1.563,0.640,0.933,436,1098,8.017,1.531,0.800,0.709,6,1119.500,124.548,21.704,0.917,0.853,8.851,0.836,0.800,8.183
104,1051,255,0,255,255,255,251.723,1119.046,251.723,1119.046,128.711,233.000,1099.000,38,41,42.355,31.595,51.390,0.797,46.043,268005,255,NaN,NaN,100,268005,242,1140,55.620,33.643,1.341,0.746,0.923,252,1099,8.166,1.369,0.864,0.675,7,1139.000,125.628,18.387,0.919,0.855,8.871,0.870,0.878,8.740
105,646,255,0,255,255,255,336.884,1116.410,336.884,1116.410,100.225,322.000,1100.000,30,32,29.448,27.931,42.461,0.808,32.757,164730,255,NaN,NaN,100,164730,334,1132,77.661,29.069,1.054,0.949,0.918,340,1100,6.445,1.127,0.974,0.673,6,704.000,98.767,16.704,0.941,0.891,9.159,0.901,0.965,9.326
106,651,255,0,255,255,255,306.626,1115.644,306.626,1115.644,98.569,291.000,1101.000,31,30,30.007,27.623,7.042,0.842,32.573,166005,255,NaN,NaN,100,166005,291,1118,17.879,29.494,1.086,0.921,0.939,300,1101,6.605,1.104,0.959,0.700,5,693.500,98.028,19.714,0.987,0.974,9.801,0.908,0.957,9.326
107,493,255,0,255,255,255,363.208,1118.352,363.208,1118.352,88.326,350.000,1105.000,27,27,29.574,21.225,43.287,0.794,31.828,125715,255,NaN,NaN,100,125715,350,1127,43.727,22.627,1.393,0.718,0.933,368,1105,5.582,1.407,0.847,0.676,5,528.500,85.575,17.665,0.956,0.918,9.373,0.864,0.859,8.619
108,515,255,0,255,255,255,479.017,1116.323,479.017,1116.323,93.255,462.000,1105.000,33,23,34.382,19.071,11.981,0.744,34.785,131325,255,NaN,NaN,100,131325,462,1121,18.435,19.752,1.803,0.555,0.907,484,1105,5.523,1.761,0.745,0.679,5,567.500,88.676,18.651,0.922,0.861,8.913,0.782,0.698,7.398
109,761,255,0,255,255,255,510.480,1125.345,510.480,1125.345,108.669,494.000,1110.000,29,35,37.425,25.890,114.005,0.810,39.205,194055,255,NaN,NaN,100,194055,496,1111,127.747,28.130,1.446,0.692,0.941,498,1110,7.003,1.394,0.832,0.750,3,809.000,105.876,36.223,0.864,0.661,7.623,0.871,0.868,8.695
110,751,255,0,255,255,255,172.214,1132.809,172.214,1132.809,122.811,153.000,1114.000,38,36,48.787,19.600,136.342,0.626,48.836,191505,255,NaN,NaN,100,191505,157,1114,132.510,22.584,2.489,0.402,0.856,157,1114,6.115,2.162,0.634,0.549,3,877.500,110.268,40.937,0.983,0.965,9.740,0.680,0.505,5.924
111,1040,255,0,255,255,255,280.283,1135.018,280.283,1135.018,128.610,258.000,1116.000,42,38,37.941,34.901,16.203,0.790,42.579,265200,255,NaN,NaN,100,265200,258,1138,9.462,36.366,1.087,0.920,0.921,287,1116,8.086,1.171,0.959,0.652,6,1129.000,125.076,21.435,0.929,0.871,8.999,0.898,0.961,9.292
112,953,255,0,255,255,255,381.784,1138.493,381.784,1138.493,122.368,363.000,1119.000,39,38,36.788,32.983,7.197,0.800,40.262,243015,255,NaN,NaN,100,243015,363,1133,165.619,33.930,1.115,0.897,0.915,378,1119,7.788,1.187,0.947,0.643,6,1042.000,120.160,20.395,0.935,0.882,9.085,0.901,0.960,9.301
113,605,255,0,255,255,255,415.178,1133.206,415.178,1133.206,96.569,399.000,1119.000,33,27,32.766,23.510,166.080,0.815,35.114,154275,255,NaN,NaN,100,154275,399,1127,160.017,25.836,1.394,0.718,0.929,413,1119,6.265,1.359,0.847,0.679,6,651.500,95.013,16.095,0.945,0.899,9.221,0.874,0.882,8.781
114,1488,255,0,255,255,255,215.466,1142.454,215.466,1142.454,150.368,191.000,1122.000,50,40,49.039,38.634,8.396,0.827,51.420,379440,255,NaN,NaN,100,379440,191,1151,13.496,38.897,1.269,0.788,0.932,207,1122,9.896,1.322,0.888,0.744,5,1596.500,148.734,30.074,0.977,0.956,9.668,0.888,0.906,8.969
115,775,255,0,255,255,255,455.583,1135.788,455.583,1135.788,117.154,433.000,1122.000,43,27,42.267,23.346,0.677,0.710,44.385,197625,255,NaN,NaN,100,197625,433,1131,165.651,25.413,1.810,0.552,0.928,460,1122,6.615,1.747,0.743,0.668,6,835.500,107.597,19.526,0.869,0.782,8.259,0.780,0.692,7.360
116,886,255,0,255,255,255,315.378,1142.365,315.378,1142.365,117.054,297.000,1124.000,36,36,36.981,30.504,42.906,0.813,38.910,225930,255,NaN,NaN,100,225930,298,1149,25.907,31.058,1.212,0.825,0.930,321,1124,7.569,1.253,0.908,0.684,6,952.500,114.884,19.509,0.944,0.896,9.198,0.901,0.935,9.180
117,597,255,0,255,255,255,491.344,1137.813,491.344,1137.813,99.154,476.000,1124.000,32,29,35.199,21.595,142.924,0.763,37.443,152235,255,NaN,NaN,100,152235,476,1128,145.886,23.702,1.630,0.614,0.940,486,1124,6.021,1.580,0.783,0.643,5,635.000,93.802,19.831,0.935,0.882,9.089,0.822,0.773,7.975
118,457,255,0,255,255,255,557.658,1137.485,557.658,1137.485,93.598,537.000,1127.000,36,19,36.092,16.122,18.393,0.656,39.395,116535,255,NaN,NaN,100,116535,537,1144,23.962,18.332,2.239,0.447,0.932,558,1127,4.883,2.149,0.668,0.668,2,490.500,82.441,46.799,NaN,NaN,NaN,NaN,NaN,NaN
119,886,255,0,255,255,255,346.926,1145.499,346.926,1145.499,115.640,330.000,1128.000,35,36,35.436,31.834,44.473,0.833,38.275,225930,255,NaN,NaN,100,225930,330,1154,33.275,33.005,1.113,0.898,0.941,349,1128,7.662,1.160,0.948,0.703,6,942.000,114.249,19.273,0.956,0.918,9.372,0.918,0.979,9.486
120,916,255,0,255,255,255,629.901,1151.095,629.901,1151.095,120.225,610.000,1135.000,40,33,41.013,28.437,155.437,0.796,43.278,233580,255,NaN,NaN,100,233580,616,1136,139.686,31.200,1.442,0.693,0.919,628,1135,7.619,1.387,0.833,0.694,3,996.500,117.507,40.075,0.871,0.683,7.771,0.866,0.869,8.675
121,1951,255,0,255,255,255,711.822,1164.678,711.822,1164.678,185.380,687.000,1136.000,51,65,60.138,41.306,66.226,0.713,66.940,497505,255,NaN,NaN,100,497505,706,1201,76.171,44.362,1.456,0.687,0.921,717,1136,10.524,1.509,0.829,0.589,5,2117.500,171.292,37.076,0.899,0.825,8.620,0.825,0.795,8.098
122,1104,255,0,255,255,255,255.560,1158.512,255.560,1158.512,128.610,234.000,1138.000,40,41,42.702,32.918,135.074,0.839,46.011,281520,255,NaN,NaN,100,281520,242,1141,132.357,31.820,1.297,0.771,0.950,256,1138,8.584,1.446,0.878,0.673,5,1162.500,126.918,25.722,0.985,0.970,9.772,0.865,0.849,8.568
123,1011,255,0,255,255,255,436.484,1158.866,436.484,1158.866,125.740,418.000,1140.000,37,37,39.012,32.996,155.766,0.804,42.012,257805,255,NaN,NaN,100,257805,419,1147,141.766,33.202,1.182,0.846,0.928,432,1140,8.040,1.265,0.920,0.738,6,1090.000,122.896,20.957,0.938,0.886,9.118,0.896,0.928,9.122
124,703,255,0,255,255,255,521.614,1155.019,521.614,1155.019,106.811,503.000,1140.000,35,31,33.542,26.686,25.074,0.774,37.696,179265,255,NaN,NaN,100,179265,503,1160,21.801,28.847,1.257,0.796,0.881,523,1140,6.582,1.307,0.892,0.648,8,798.000,105.154,13.351,0.893,0.817,8.551,0.861,0.900,8.803
125,937,255,0,255,255,255,402.324,1162.296,402.324,1162.296,119.640,384.000,1143.000,34,39,38.314,31.138,53.393,0.823,41.773,238935,255,NaN,NaN,100,238935,387,1175,42.089,33.082,1.230,0.813,0.940,403,1143,7.832,1.263,0.901,0.707,6,997.000,117.537,19.940,0.950,0.907,9.285,0.898,0.930,9.138
126,1239,255,0,255,255,255,475.732,1161.785,475.732,1161.785,143.196,453.000,1143.000,49,39,46.436,33.973,12.739,0.759,52.555,315945,255,NaN,NaN,100,315945,453,1173,21.194,37.436,1.367,0.732,0.933,474,1143,8.652,1.404,0.855,0.648,6,1328.000,135.651,23.866,0.907,0.837,8.722,0.851,0.846,8.486
127,614,255,0,255,255,255,668.370,1157.052,668.370,1157.052,103.841,650.000,1144.000,37,24,36.615,21.351,1.729,0.716,38.328,156570,255,NaN,NaN,100,156570,650,1164,15.124,23.319,1.715,0.583,0.897,667,1144,5.913,1.644,0.764,0.691,4,684.500,97.389,25.960,0.952,0.911,9.317,0.797,0.740,7.687
128,2892,255,0,255,255,255,752.264,1175.280,752.264,1175.280,243.179,709.000,1144.000,85,65,80.474,45.757,33.461,0.615,92.574,737460,255,NaN,NaN,100,737460,711,1209,26.288,52.900,1.759,0.569,0.889,755,1144,11.892,1.750,0.754,0.523,4,3254.000,212.341,60.795,0.870,0.782,8.260,0.742,0.656,6.992
129,652,255,0,255,255,255,555.239,1155.799,555.239,1155.799,104.912,537.000,1145.000,38,25,37.470,22.155,6.420,0.744,38.833,166260,255,NaN,NaN,100,166260,537,1161,11.889,24.332,1.691,0.591,0.926,563,1145,6.215,1.596,0.769,0.686,4,704.000,98.767,26.228,0.973,0.948,9.603,0.816,0.765,7.907
130,963,255,0,255,255,255,291.101,1167.672,291.101,1167.672,119.397,274.000,1149.000,35,37,35.256,34.777,118.914,0.849,40.361,245565,255,NaN,NaN,100,245565,275,1155,138.013,34.648,1.014,0.986,0.942,293,1149,8.066,1.165,0.993,0.744,6,1022.500,119.030,19.899,0.966,0.936,9.512,0.916,0.976,9.460
131,1572,255,0,255,255,255,364.239,1177.122,364.239,1177.122,155.782,344.000,1152.000,43,51,51.596,38.792,62.487,0.814,52.811,400860,255,NaN,NaN,100,400860,357,1203,71.222,42.772,1.330,0.752,0.926,364,1152,10.091,1.235,0.867,0.717,7,1697.000,153.344,22.255,0.930,0.873,9.017,0.901,0.944,9.227
132,1604,255,0,255,255,255,602.969,1179.708,602.969,1179.708,157.095,579.000,1154.000,48,49,52.724,38.735,50.089,0.817,54.818,409020,255,NaN,NaN,100,409020,584,1202,38.333,41.276,1.361,0.735,0.933,607,1154,10.210,1.328,0.857,0.682,6,1719.500,154.357,26.183,0.946,0.901,9.234,0.886,0.901,8.938
133,1227,255,0,255,255,255,326.332,1177.004,326.332,1177.004,135.882,306.000,1155.000,38,44,42.103,37.106,102.894,0.835,45.967,312885,255,NaN,NaN,100,312885,310,1161,135.881,37.903,1.135,0.881,0.945,327,1155,9.030,1.213,0.939,0.734,6,1299.000,134.162,22.647,0.958,0.921,9.393,0.914,0.958,9.362
134,637,255,0,255,255,255,572.644,1171.280,572.644,1171.280,103.154,556.000,1155.000,33,30,36.518,22.210,35.716,0.752,39.661,162435,255,NaN,NaN,100,162435,556,1183,33.690,25.046,1.644,0.608,0.920,576,1155,6.175,1.584,0.780,0.643,4,692.500,97.957,25.789,0.978,0.958,9.680,0.813,0.767,7.901
135,1592,255,0,255,255,255,487.612,1193.668,487.612,1193.668,188.451,457.000,1161.000,58,62,76.803,26.392,51.481,0.563,75.432,405960,255,NaN,NaN,100,405960,464,1223,51.459,31.674,2.910,0.344,0.841,503,1161,8.448,2.381,0.586,0.443,7,1894.000,162.000,26.922,0.714,0.604,6.591,0.627,0.396,5.118
136,689,255,0,255,255,255,539.938,1178.375,539.938,1178.375,101.983,525.000,1162.000,30,33,30.538,28.727,101.863,0.832,33.377,175695,255,NaN,NaN,100,175695,536,1162,98.616,29.719,1.063,0.941,0.931,536,1162,6.756,1.123,0.970,0.696,6,740.000,101.261,16.997,0.956,0.918,9.371,0.911,0.969,9.400
137,535,255,0,255,255,255,643.859,1174.597,643.859,1174.597,92.284,628.000,1165.000,33,19,34.513,19.737,4.433,0.789,35.468,136425,255,NaN,NaN,100,136425,628,1182,21.501,19.000,1.749,0.572,0.955,639,1165,5.797,1.867,0.756,0.853,5,560.000,88.089,18.457,0.953,0.913,9.331,0.775,0.660,7.172
138,741,255,0,255,255,255,677.781,1179.516,677.781,1179.516,110.669,659.000,1166.000,39,26,38.037,24.804,167.974,0.760,41.677,188955,255,NaN,NaN,100,188955,662,1169,149.744,25.310,1.533,0.652,0.923,680,1166,6.696,1.647,0.808,0.731,4,803.000,105.483,27.667,0.984,0.968,9.758,0.807,0.747,7.771
139,2544,255,0,255,255,255,810.278,1195.101,810.278,1195.101,210.309,775.000,1168.000,70,53,66.467,48.733,178.504,0.723,71.197,648720,255,NaN,NaN,100,648720,775,1187,169.479,51.806,1.364,0.733,0.895,809,1168,12.097,1.374,0.856,0.686,2,2843.500,198.496,105.154,NaN,NaN,NaN,NaN,NaN,NaN
140,585,255,0,255,255,255,423.203,1183.960,423.203,1183.960,94.083,408.000,1170.000,30,27,29.393,25.341,16.447,0.831,31.048,149175,255,NaN,NaN,100,149175,408,1185,14.931,27.000,1.160,0.862,0.928,418,1170,6.218,1.150,0.929,0.722,5,630.500,93.469,18.817,0.980,0.960,9.699,0.913,0.980,9.466
141,420,255,0,255,255,255,518.538,1186.748,518.538,1186.748,81.841,508.000,1172.000,21,29,28.708,18.627,80.452,0.788,30.083,107100,255,NaN,NaN,100,107100,516,1201,74.578,20.871,1.541,0.649,0.925,516,1172,5.132,1.441,0.806,0.690,5,454.000,79.315,16.368,0.952,0.911,9.318,0.853,0.841,8.470
142,1040,255,0,255,255,255,453.933,1192.382,453.933,1192.382,125.640,435.000,1174.000,39,37,38.645,34.265,26.844,0.828,42.012,265200,255,NaN,NaN,100,265200,441,1209,38.234,36.834,1.128,0.887,0.935,452,1174,8.278,1.141,0.942,0.721,6,1112.500,124.158,20.940,0.953,0.913,9.332,0.906,0.966,9.364
143,754,255,0,255,255,255,267.885,1191.401,267.885,1191.401,104.326,252.000,1176.000,32,31,31.958,30.040,177.932,0.871,34.828,192270,255,NaN,NaN,100,192270,254,1181,140.826,29.589,1.064,0.940,0.950,269,1176,7.227,1.177,0.970,0.760,4,793.500,104.857,26.081,0.950,0.892,9.207,0.926,0.980,9.532
144,840,255,0,255,255,255,395.092,1194.657,395.092,1194.657,112.225,377.000,1177.000,37,32,35.508,30.121,156.134,0.838,37.656,214200,255,NaN,NaN,100,214200,377,1192,169.287,31.868,1.179,0.848,0.940,388,1177,7.485,1.182,0.921,0.709,6,893.500,111.269,18.704,0.960,0.924,9.420,0.916,0.973,9.446
145,1002,255,0,255,255,255,301.179,1201.195,301.179,1201.195,121.054,282.000,1183.000,39,35,38.698,32.968,145.768,0.859,42.450,255510,255,NaN,NaN,100,255510,285,1187,133.091,32.527,1.174,0.852,0.955,305,1183,8.277,1.305,0.923,0.734,6,1049.000,120.563,20.176,0.973,0.947,9.601,0.902,0.918,9.100
146,2317,255,0,255,255,255,654.669,1202.664,654.669,1202.664,236.409,608.000,1183.000,89,43,84.539,34.896,171.117,0.521,90.255,590835,255,NaN,NaN,100,590835,608,1206,9.567,42.078,2.423,0.413,0.800,626,1183,9.801,2.145,0.642,0.605,9,2897.000,200.355,26.268,0.643,0.543,5.932,0.640,0.472,5.558
147,893,255,0,255,255,255,562.466,1198.326,562.466,1198.326,117.983,542.000,1184.000,41,30,40.794,27.871,7.494,0.806,41.773,227715,255,NaN,NaN,100,227715,542,1195,168.959,30.000,1.464,0.683,0.931,556,1184,7.569,1.392,0.827,0.726,6,959.500,115.305,19.664,0.939,0.889,9.141,0.870,0.869,8.697
148,2422,255,0,255,255,255,747.983,1218.761,747.983,1218.761,209.137,710.000,1189.000,71,57,68.801,44.822,23.059,0.696,71.568,617610,255,NaN,NaN,100,617610,710,1219,7.224,48.970,1.535,0.651,0.893,766,1189,11.581,1.461,0.807,0.598,6,2711.000,193.816,34.856,0.858,0.767,8.128,0.830,0.814,8.220
149,1402,255,0,255,255,255,337.635,1216.769,337.635,1216.769,143.539,315.000,1194.000,43,44,43.103,41.414,55.608,0.855,46.098,357510,255,NaN,NaN,100,357510,325,1236,65.659,42.896,1.041,0.961,0.944,340,1194,9.767,1.075,0.980,0.741,7,1485.000,143.446,20.506,0.956,0.918,9.368,0.912,0.949,9.306
150,311,255,0,255,255,255,531.477,1203.223,531.477,1203.223,72.770,518.000,1194.000,25,19,23.733,16.685,179.798,0.738,25.962,79305,255,NaN,NaN,100,79305,518,1202,164.358,18.209,1.422,0.703,0.859,529,1194,4.274,1.426,0.838,0.655,6,362.000,70.824,12.128,0.891,0.814,8.526,0.830,0.841,8.355
151,401,255,0,255,255,255,699.909,1210.665,699.909,1210.665,81.012,689.000,1195.000,21,28,26.934,18.956,85.340,0.768,28.284,102255,255,NaN,NaN,100,102255,697,1195,98.130,19.741,1.421,0.704,0.891,697,1195,4.950,1.433,0.839,0.682,6,450.000,78.964,13.502,0.913,0.847,8.799,0.846,0.845,8.459
152,552,255,0,255,255,255,424.839,1208.332,424.839,1208.332,91.255,410.000,1196.000,30,25,29.008,24.228,20.878,0.833,31.241,140760,255,NaN,NaN,100,140760,414,1220,50.194,25.000,1.197,0.835,0.929,427,1196,6.049,1.250,0.914,0.736,6,594.000,90.723,15.209,0.957,0.918,9.375,0.902,0.941,9.217
153,1025,255,0,255,255,255,499.882,1219.315,499.882,1219.315,131.782,482.000,1196.000,36,46,49.338,26.452,59.746,0.742,48.836,261375,255,NaN,NaN,100,261375,484,1238,47.490,29.000,1.865,0.536,0.909,504,1196,7.778,1.684,0.732,0.619,7,1127.000,124.965,18.826,0.879,0.796,8.375,0.796,0.729,7.623
154,515,255,0,255,255,255,370.333,1211.752,370.333,1211.752,89.012,358.000,1199.000,27,25,27.417,23.917,35.760,0.817,30.000,131325,255,NaN,NaN,100,131325,359,1223,53.130,25.000,1.146,0.872,0.940,371,1199,5.786,1.200,0.934,0.763,5,548.000,87.140,17.802,0.971,0.944,9.578,0.908,0.958,9.333
155,1122,255,0,255,255,255,584.998,1219.430,584.998,1219.430,140.125,562.000,1203.000,48,37,50.458,28.312,24.894,0.718,51.971,286110,255,NaN,NaN,100,286110,562,1230,30.018,31.176,1.782,0.561,0.898,584,1203,8.007,1.667,0.749,0.632,7,1249.500,131.581,20.018,0.861,0.771,8.156,0.793,0.731,7.620
156,725,255,0,255,255,255,275.534,1219.325,275.534,1219.325,104.225,259.000,1204.000,35,30,33.326,27.699,171.752,0.839,35.511,184875,255,NaN,NaN,100,184875,259,1224,9.728,28.776,1.203,0.831,0.932,278,1204,6.956,1.234,0.912,0.690,4,778.000,103.828,26.056,0.968,0.932,9.499,0.907,0.949,9.282
157,650,255,0,255,255,255,395.720,1221.300,395.720,1221.300,99.397,378.000,1209.000,35,27,33.779,24.500,19.422,0.827,35.693,165750,255,NaN,NaN,100,165750,378,1225,11.310,26.190,1.379,0.725,0.939,403,1209,6.539,1.363,0.852,0.688,5,692.500,97.957,19.879,0.977,0.956,9.666,0.880,0.886,8.830
158,907,255,0,255,255,255,447.087,1228.514,447.087,1228.514,116.953,430.000,1210.000,34,39,37.273,30.983,106.876,0.833,40.025,231285,255,NaN,NaN,100,231285,441,1210,102.995,33.699,1.203,0.831,0.918,441,1210,7.755,1.188,0.912,0.684,7,988.500,117.034,16.708,0.942,0.894,9.183,0.902,0.965,9.333
159,453,255,0,255,255,255,522.394,1223.096,522.394,1223.096,86.426,510.000,1210.000,26,26,30.968,18.625,55.708,0.762,32.802,115515,255,NaN,NaN,100,115515,510,1234,37.569,18.783,1.663,0.601,0.924,519,1210,5.241,1.746,0.776,0.670,4,490.000,82.399,21.607,0.985,0.970,9.776,0.789,0.706,7.475
160,670,255,0,255,255,255,545.591,1224.275,545.591,1224.275,106.569,528.000,1210.000,34,31,37.158,22.958,35.909,0.741,39.962,170850,255,NaN,NaN,100,170850,528,1236,31.701,25.556,1.619,0.618,0.906,543,1210,6.287,1.564,0.786,0.636,6,739.500,101.227,17.761,0.894,0.817,8.557,0.816,0.778,7.967
161,1013,255,0,255,255,255,624.945,1223.373,624.945,1223.373,145.296,599.000,1210.000,56,31,55.805,23.113,16.245,0.603,56.886,258315,255,NaN,NaN,100,258315,599,1233,10.125,26.654,2.414,0.414,0.888,626,1210,6.972,2.134,0.644,0.584,4,1141.000,125.738,36.324,0.859,0.768,8.132,0.684,0.504,5.940
162,939,255,0,255,255,255,305.422,1236.136,305.422,1236.136,119.983,287.000,1219.000,37,35,36.290,32.945,116.040,0.820,40.311,239445,255,NaN,NaN,100,239445,295,1219,119.745,34.391,1.102,0.908,0.931,295,1219,7.826,1.172,0.953,0.725,5,1009.000,118.242,23.997,0.973,0.948,9.603,0.906,0.969,9.374
163,185,255,0,255,255,255,707.030,1228.165,707.030,1228.165,55.698,699.000,1220.000,17,17,18.165,12.967,28.850,0.749,19.723,47175,255,NaN,NaN,100,47175,701,1237,59.534,13.864,1.401,0.714,0.864,709,1220,3.321,1.423,0.845,0.640,4,214.000,54.454,13.925,0.976,0.954,9.652,0.836,0.846,8.408
164,863,255,0,255,255,255,409.120,1238.899,409.120,1238.899,124.569,389.000,1221.000,40,34,48.122,22.834,37.481,0.699,50.448,220065,255,NaN,NaN,100,220065,390,1254,39.369,28.098,2.107,0.475,0.869,414,1221,6.928,1.795,0.689,0.635,6,993.000,117.301,20.761,0.861,0.771,8.157,0.750,0.666,7.079
165,520,255,0,255,255,255,687.110,1235.733,687.110,1235.733,92.083,676.000,1221.000,24,32,29.558,22.399,68.256,0.771,33.615,132600,255,NaN,NaN,100,132600,681,1253,59.621,23.569,1.320,0.758,0.909,687,1221,5.647,1.426,0.871,0.677,5,572.000,89.027,18.417,0.941,0.891,9.159,0.849,0.845,8.468
166,1233,255,0,255,255,255,369.342,1243.804,369.342,1243.804,135.539,348.000,1224.000,41,41,42.587,36.864,145.064,0.843,46.065,314415,255,NaN,NaN,100,314415,359,1224,117.121,38.429,1.155,0.866,0.937,359,1224,9.097,1.199,0.930,0.733,7,1315.500,135.011,19.363,0.949,0.905,9.269,0.913,0.965,9.391
167,297,255,0,255,255,255,471.544,1232.022,471.544,1232.022,67.799,461.000,1224.000,21,17,23.400,16.161,23.837,0.812,25.807,75735,255,NaN,NaN,100,75735,461,1240,35.538,17.000,1.448,0.691,0.955,465,1224,4.381,1.518,0.831,0.832,4,311.000,65.646,16.950,0.984,0.966,9.749,0.843,0.808,8.255
168,4124,255,0,255,255,255,641.735,1260.956,641.735,1260.956,260.451,602.000,1225.000,78,75,82.139,63.926,42.687,0.764,92.005,1051620,255,NaN,NaN,100,1051620,619,1300,52.507,67.114,1.285,0.778,0.933,655,1225,15.834,1.371,0.882,0.705,9,4420.500,247.492,28.939,0.880,0.797,8.381,0.866,0.869,8.672
169,893,255,0,255,255,255,551.437,1247.520,551.437,1247.520,121.539,531.000,1231.000,42,34,42.934,26.483,27.051,0.760,44.598,227715,255,NaN,NaN,100,227715,531,1256,19.654,26.774,1.621,0.617,0.924,559,1231,7.347,1.666,0.785,0.625,6,966.000,115.695,20.257,0.907,0.838,8.725,0.806,0.740,7.726
170,657,255,0,255,255,255,587.326,1246.022,587.326,1246.022,102.569,570.000,1232.000,35,28,35.988,23.245,26.084,0.785,37.000,167535,255,NaN,NaN,100,167535,570,1254,18.925,23.940,1.548,0.646,0.916,592,1232,6.405,1.546,0.804,0.670,6,717.500,99.709,17.095,0.925,0.865,8.952,0.831,0.797,8.139
171,1899,255,0,255,255,255,705.930,1258.896,705.930,1258.896,176.167,676.000,1232.000,56,50,60.184,40.175,33.997,0.769,63.530,484245,255,NaN,NaN,100,484245,676,1273,28.179,43.805,1.498,0.668,0.928,715,1232,10.780,1.450,0.817,0.678,8,2045.500,168.355,22.021,0.890,0.811,8.503,0.850,0.835,8.426
172,237,255,0,255,255,255,280.091,1239.989,280.091,1239.989,60.284,269.000,1233.000,21,15,21.302,14.166,161.056,0.820,23.707,60435,255,NaN,NaN,100,60435,269,1235,152.354,15.000,1.504,0.665,0.933,276,1233,3.931,1.580,0.815,0.752,2,254.000,59.326,30.142,NaN,NaN,NaN,NaN,NaN,NaN
173,818,255,0,255,255,255,430.275,1254.709,430.275,1254.709,110.225,414.000,1235.000,33,35,33.360,31.221,59.367,0.846,37.336,208590,255,NaN,NaN,100,208590,418,1270,69.624,32.825,1.069,0.936,0.941,430,1235,7.421,1.137,0.967,0.708,5,869.000,109.732,22.045,0.989,0.978,9.837,0.908,0.960,9.338
174,863,255,0,255,255,255,513.112,1249.348,513.112,1249.348,114.811,494.000,1235.000,39,30,39.178,28.046,9.549,0.823,41.437,220065,255,NaN,NaN,100,220065,494,1256,19.747,29.537,1.397,0.716,0.929,508,1235,7.517,1.403,0.846,0.738,8,928.500,113.427,14.351,0.927,0.868,8.972,0.869,0.867,8.680
175,988,255,0,255,255,255,334.344,1255.150,334.344,1255.150,121.054,316.000,1237.000,37,37,36.034,34.910,101.400,0.847,39.925,251940,255,NaN,NaN,100,251940,325,1237,112.068,35.101,1.032,0.969,0.944,325,1237,8.162,1.137,0.984,0.722,4,1046.500,120.419,30.263,0.963,0.921,9.420,0.921,0.979,9.501
176,1158,255,0,255,255,255,469.302,1255.735,469.302,1255.735,136.468,446.000,1238.000,47,35,50.839,29.002,24.230,0.781,52.773,295290,255,NaN,NaN,100,295290,446,1267,27.051,31.877,1.753,0.570,0.935,479,1238,8.486,1.656,0.755,0.704,8,1238.000,130.974,17.059,0.898,0.824,8.613,0.809,0.745,7.769
177,941,255,0,255,255,255,744.551,1265.665,744.551,1265.665,121.497,730.000,1246.000,28,43,44.380,26.997,107.576,0.801,47.424,239955,255,NaN,NaN,100,239955,733,1246,114.944,27.829,1.644,0.608,0.955,733,1246,7.745,1.704,0.780,0.782,3,985.500,116.857,40.499,0.869,0.675,7.719,0.806,0.728,7.669
178,883,255,0,255,255,255,558.383,1273.270,558.383,1273.270,121.296,539.000,1254.000,38,37,41.782,26.908,41.425,0.754,43.046,225165,255,NaN,NaN,100,225165,547,1291,59.265,30.342,1.553,0.644,0.918,568,1254,7.280,1.419,0.802,0.628,6,962.000,115.455,20.216,0.903,0.832,8.675,0.852,0.847,8.495
179,866,255,0,255,255,255,398.768,1269.962,398.768,1269.962,115.740,380.000,1255.000,37,32,36.347,30.336,7.817,0.812,40.000,220830,255,NaN,NaN,100,220830,382,1281,36.870,31.760,1.198,0.835,0.916,390,1255,7.482,1.259,0.914,0.731,7,945.500,114.461,16.534,0.929,0.872,9.003,0.891,0.931,9.113
180,1230,255,0,255,255,255,591.630,1276.046,591.630,1276.046,137.397,570.000,1255.000,40,41,44.096,35.516,46.152,0.819,46.648,313650,255,NaN,NaN,100,313650,570,1287,30.964,37.528,1.242,0.805,0.943,595,1255,8.952,1.243,0.897,0.750,5,1304.000,134.420,27.479,0.972,0.947,9.595,0.906,0.941,9.239
181,623,255,0,255,255,255,489.213,1273.473,489.213,1273.473,97.983,473.000,1257.000,31,30,33.015,24.026,47.863,0.815,34.205,158865,255,NaN,NaN,100,158865,477,1285,37.875,26.632,1.374,0.728,0.933,493,1257,6.358,1.284,0.853,0.670,5,667.500,96.173,19.597,0.970,0.943,9.566,0.893,0.920,9.063
182,408,255,0,255,255,255,530.069,1270.127,530.069,1270.127,77.841,519.000,1257.000,24,24,23.256,22.337,68.956,0.846,25.807,104040,255,NaN,NaN,100,104040,522,1281,35.538,23.212,1.041,0.960,0.932,530,1257,5.241,1.112,0.980,0.708,5,438.000,77.904,15.568,0.989,0.978,9.837,0.908,0.962,9.351
183,1052,255,0,255,255,255,361.650,1277.651,361.650,1277.651,121.539,341.000,1260.000,40,36,38.931,34.406,12.361,0.895,40.792,268260,255,NaN,NaN,100,268260,341,1274,168.690,35.355,1.131,0.884,0.953,354,1260,8.656,1.154,0.940,0.731,4,1104.000,123.683,30.385,0.937,0.861,8.987,0.928,0.985,9.566
184,429,255,0,255,255,255,509.866,1278.535,509.866,1278.535,81.255,499.000,1265.000,22,28,28.684,19.043,73.695,0.817,29.732,109395,255,NaN,NaN,100,109395,506,1293,70.346,20.846,1.506,0.664,0.933,505,1265,5.280,1.426,0.815,0.696,5,460.000,79.837,16.251,0.971,0.944,9.575,0.863,0.855,8.587
185,842,255,0,255,255,255,432.933,1282.640,432.933,1282.640,118.326,414.000,1267.000,38,32,36.175,29.636,24.184,0.756,39.699,214710,255,NaN,NaN,100,214710,422,1299,40.914,30.107,1.221,0.819,0.901,443,1267,7.116,1.319,0.905,0.692,6,934.000,113.762,19.721,0.905,0.833,8.689,0.870,0.893,8.818
186,455,255,0,255,255,255,796.223,1285.010,796.223,1285.010,92.326,780.000,1268.000,28,29,34.204,16.937,45.677,0.671,37.537,116025,255,NaN,NaN,100,116025,781,1296,48.240,19.799,2.019,0.495,0.930,803,1268,4.928,1.896,0.704,0.560,0,489.000,82.315,NaN,NaN,NaN,NaN,NaN,NaN,NaN
187,778,255,0,255,255,255,460.920,1289.297,460.920,1289.297,109.154,445.000,1273.000,33,33,35.401,27.982,59.484,0.821,37.736,198390,255,NaN,NaN,100,198390,452,1306,57.995,28.937,1.265,0.790,0.932,453,1273,7.128,1.304,0.889,0.714,6,834.500,107.532,18.192,0.949,0.905,9.267,0.892,0.913,9.027
188,855,255,0,255,255,255,728.737,1289.771,728.737,1289.771,119.640,709.000,1273.000,43,30,42.883,25.386,163.414,0.751,45.541,218025,255,NaN,NaN,100,218025,709,1280,160.769,28.850,1.689,0.592,0.920,729,1273,7.146,1.579,0.769,0.663,6,929.500,113.488,19.940,0.901,0.828,8.643,0.815,0.771,7.931
189,817,255,0,255,255,255,664.173,1294.826,664.173,1294.826,124.267,643.000,1274.000,41,39,48.521,21.439,39.502,0.665,48.010,208335,255,NaN,NaN,100,208335,648,1313,54.324,23.984,2.263,0.442,0.913,674,1274,6.575,2.002,0.665,0.511,5,895.000,111.362,24.853,0.859,0.769,8.141,0.725,0.577,6.511
190,598,255,0,255,255,255,693.278,1293.505,693.278,1293.505,98.912,677.000,1280.000,32,28,36.037,21.128,38.563,0.768,38.013,152490,255,NaN,NaN,100,152490,677,1303,35.362,24.264,1.706,0.586,0.909,697,1280,6.046,1.567,0.766,0.667,5,658.000,95.486,19.782,0.939,0.888,9.135,0.818,0.780,7.991
191,981,255,0,255,255,255,526.694,1298.623,526.694,1298.623,122.225,508.000,1281.000,38,36,40.222,31.054,34.777,0.825,42.485,250155,255,NaN,NaN,100,250155,508,1309,26.565,33.670,1.295,0.772,0.926,537,1281,8.026,1.262,0.879,0.717,7,1059.000,121.136,17.461,0.937,0.885,9.114,0.896,0.933,9.144
192,493,255,0,255,255,255,383.356,1295.291,383.356,1295.291,88.811,367.000,1282.000,30,27,28.812,21.787,46.984,0.785,31.623,125715,255,NaN,NaN,100,125715,367,1298,18.435,24.042,1.322,0.756,0.901,382,1282,5.551,1.315,0.870,0.609,3,547.000,87.060,29.604,0.877,0.701,7.891,0.868,0.897,8.822
193,809,255,0,255,255,255,406.724,1302.469,406.724,1302.469,114.811,391.000,1282.000,30,40,38.505,26.751,76.253,0.771,41.231,206295,255,NaN,NaN,100,206295,404,1322,75.964,27.828,1.439,0.695,0.926,412,1282,7.046,1.482,0.834,0.674,4,874.000,110.048,28.703,0.991,0.982,9.864,0.845,0.822,8.336
194,1262,255,0,255,255,255,486.999,1308.090,486.999,1308.090,138.711,469.000,1287.000,38,46,47.963,33.501,58.190,0.824,50.249,321810,255,NaN,NaN,100,321810,472,1330,58.841,35.584,1.432,0.698,0.945,495,1287,9.098,1.412,0.836,0.722,6,1336.000,136.059,23.118,0.951,0.909,9.299,0.870,0.862,8.661
195,955,255,0,255,255,255,560.995,1304.634,560.995,1304.634,120.569,542.000,1288.000,38,34,37.691,32.261,24.420,0.826,40.853,243525,255,NaN,NaN,100,243525,542,1311,21.541,32.653,1.168,0.856,0.929,560,1288,7.921,1.251,0.925,0.739,6,1027.500,119.321,20.095,0.952,0.910,9.311,0.902,0.939,9.205
196,1074,255,0,255,255,255,597.083,1308.700,597.083,1308.700,130.225,577.000,1291.000,42,36,43.998,31.080,24.972,0.796,45.695,273870,255,NaN,NaN,100,273870,577,1319,23.199,31.222,1.416,0.706,0.932,604,1291,8.247,1.464,0.840,0.710,6,1152.500,126.371,21.704,0.932,0.878,9.050,0.853,0.834,8.439
197,691,255,0,255,255,255,693.766,1318.260,693.766,1318.260,124.368,679.000,1296.000,35,43,43.341,20.300,58.152,0.561,48.301,176205,255,NaN,NaN,100,176205,688,1339,62.904,24.994,2.135,0.468,0.787,708,1296,5.556,1.933,0.684,0.459,6,878.500,110.331,20.728,0.729,0.619,6.740,0.677,0.572,6.245
198,244,255,0,255,255,255,753.242,1308.020,753.242,1308.020,65.941,745.000,1296.000,14,26,24.555,12.652,93.205,0.705,26.306,62220,255,NaN,NaN,100,62220,752,1296,98.746,14.000,1.941,0.515,0.892,752,1296,3.700,1.879,0.718,0.670,3,273.500,61.561,21.980,0.926,0.834,8.798,0.747,0.636,6.915
199,886,255,0,255,255,255,432.909,1314.852,432.909,1314.852,121.054,416.000,1297.000,35,39,37.759,29.876,63.798,0.760,39.850,225930,255,NaN,NaN,100,225930,432,1335,72.474,29.807,1.264,0.791,0.913,440,1297,7.319,1.337,0.890,0.649,4,970.500,115.964,30.263,0.983,0.967,9.753,0.871,0.883,8.766
200,822,255,0,255,255,255,630.123,1315.341,630.123,1315.341,113.740,613.000,1299.000,34,34,34.708,30.155,52.199,0.798,38.588,209610,255,NaN,NaN,100,209610,622,1333,58.782,32.125,1.151,0.869,0.915,628,1299,7.227,1.201,0.932,0.711,6,898.000,111.548,18.957,0.934,0.880,9.073,0.893,0.952,9.225
201,1367,255,0,255,255,255,723.710,1320.030,723.710,1320.030,151.882,700.000,1301.000,51,39,48.592,35.819,21.642,0.745,53.254,348585,255,NaN,NaN,100,348585,700,1334,34.287,39.000,1.357,0.737,0.895,715,1301,9.000,1.365,0.859,0.687,6,1527.000,145.460,25.314,0.896,0.821,8.588,0.854,0.868,8.610
202,776,255,0,255,255,255,663.416,1320.756,663.416,1320.756,114.468,645.000,1304.000,37,34,40.210,24.572,33.643,0.744,41.146,197880,255,NaN,NaN,100,197880,645,1327,25.942,26.358,1.636,0.611,0.910,673,1304,6.779,1.561,0.782,0.617,6,853.000,108.718,19.078,0.896,0.821,8.584,0.821,0.782,8.018
203,778,255,0,255,255,255,456.356,1324.108,456.356,1324.108,112.912,440.000,1305.000,31,36,39.284,25.216,60.389,0.767,42.802,198390,255,NaN,NaN,100,198390,442,1339,52.595,27.588,1.558,0.642,0.936,464,1305,6.890,1.551,0.801,0.697,3,831.500,107.339,37.637,0.888,0.732,8.098,0.826,0.786,8.059
204,1150,255,0,255,255,255,505.153,1334.932,505.153,1334.932,132.125,486.000,1310.000,35,45,43.982,33.292,65.586,0.828,46.239,293250,255,NaN,NaN,100,293250,492,1353,68.429,35.000,1.321,0.757,0.955,508,1310,8.704,1.321,0.870,0.730,3,1204.500,129.190,44.042,0.855,0.631,7.427,0.894,0.906,9.000
205,727,255,0,255,255,255,535.135,1328.046,535.135,1328.046,107.255,521.000,1312.000,31,32,33.687,27.478,52.728,0.794,37.736,185385,255,NaN,NaN,100,185385,522,1344,57.995,29.347,1.226,0.816,0.931,537,1312,6.778,1.286,0.903,0.733,4,780.500,103.995,26.814,0.994,0.989,9.917,0.883,0.911,8.972
206,754,255,0,255,255,255,565.436,1333.500,565.436,1333.500,106.669,548.000,1319.000,35,28,34.815,27.575,24.495,0.833,37.000,192270,255,NaN,NaN,100,192270,548,1339,18.925,28.000,1.263,0.792,0.948,569,1319,7.069,1.321,0.890,0.769,4,795.500,104.989,26.667,0.971,0.940,9.554,0.894,0.907,9.001
207,1155,255,0,255,255,255,599.088,1340.701,599.088,1340.701,134.125,577.000,1321.000,44,38,44.022,33.406,28.521,0.807,46.487,294525,255,NaN,NaN,100,294525,577,1348,18.825,34.198,1.318,0.759,0.941,610,1321,8.611,1.359,0.871,0.691,5,1227.000,130.391,26.825,0.965,0.933,9.488,0.880,0.885,8.825
208,479,255,0,255,255,255,749.502,1336.281,749.502,1336.281,84.083,737.000,1323.000,24,28,28.443,21.442,111.206,0.851,29.120,122145,255,NaN,NaN,100,122145,745,1323,105.945,22.768,1.326,0.754,0.940,745,1323,5.697,1.279,0.868,0.713,3,509.500,84.023,28.028,0.843,0.592,7.173,0.903,0.930,9.169
209,1366,255,0,255,255,255,635.184,1350.511,635.184,1350.511,144.711,612.000,1328.000,43,43,45.518,38.210,49.405,0.820,49.396,348330,255,NaN,NaN,100,348330,619,1370,58.241,40.145,1.191,0.839,0.939,643,1328,9.440,1.230,0.916,0.739,6,1454.000,141.941,24.118,0.948,0.904,9.260,0.905,0.946,9.255
210,708,255,0,255,255,255,671.249,1345.292,671.249,1345.292,106.326,656.000,1328.000,31,33,34.230,26.335,37.558,0.787,36.401,180540,255,NaN,NaN,100,180540,656,1357,52.815,27.633,1.300,0.769,0.912,675,1328,6.659,1.317,0.877,0.692,6,776.500,103.728,17.721,0.927,0.868,8.971,0.878,0.901,8.896
211,612,255,0,255,255,255,699.853,1349.002,699.853,1349.002,99.012,686.000,1335.000,30,28,32.852,23.719,47.056,0.784,36.125,156060,255,NaN,NaN,100,156060,689,1363,48.366,26.386,1.385,0.722,0.912,698,1335,6.181,1.369,0.850,0.729,5,671.000,96.424,19.802,0.950,0.907,9.286,0.860,0.870,8.650
212,829,255,0,255,255,255,726.613,1354.034,726.613,1354.034,116.125,707.000,1338.000,41,32,40.082,26.334,27.001,0.773,42.720,211395,255,NaN,NaN,100,211395,707,1363,16.314,28.362,1.522,0.657,0.934,733,1338,7.139,1.506,0.811,0.632,3,887.500,110.894,38.708,0.885,0.722,8.035,0.840,0.810,8.247
213,159,255,0,255,255,255,679.959,1362.645,679.959,1362.645,49.113,672.000,1355.000,16,15,17.037,11.882,39.145,0.828,18.601,40545,255,NaN,NaN,100,40545,674,1370,53.746,12.338,1.434,0.697,0.896,681,1355,3.237,1.508,0.835,0.662,3,177.500,49.593,16.371,0.854,0.630,7.421,0.836,0.819,8.276
214,601,255,0,255,255,255,602.314,1369.402,602.314,1369.402,98.426,586.000,1357.000,32,25,32.826,23.311,5.242,0.780,33.526,153255,255,NaN,NaN,100,153255,586,1377,17.354,25.000,1.408,0.710,0.902,605,1357,6.106,1.341,0.843,0.751,2,666.500,96.100,49.213,NaN,NaN,NaN,NaN,NaN,NaN
215,443,255,0,255,255,255,660.258,1370.207,660.258,1370.207,81.497,647.000,1358.000,26,24,24.911,22.643,13.952,0.838,27.019,112965,255,NaN,NaN,100,112965,653,1382,51.009,23.582,1.100,0.909,0.912,656,1358,5.436,1.146,0.953,0.710,3,486.000,82.062,27.166,0.849,0.614,7.315,0.905,0.978,9.414
