 ,Area,Mean,StdDev,Mode,Min,Max,X,Y,XM,YM,Perim.,BX,BY,Width,Height,Major,Minor,Angle,Circ.,Feret,IntDen,Median,Skew,Kurt,%Area,RawIntDen,FeretX,FeretY,FeretAngle,MinFeret,AR,Round,Solidity,XStart,YStart
1,357,255,0,255,255,255,607.015,12.085,607.015,12.085,88.426406871,590,5,36,17,35.011663533,12.983,12.704,0.574,36.496575182,91035,255,NaN,NaN,100,91035,590,12,9.462,15.504341824,2.697,0.371,0.884758364,615,5
2,498,255,0,255,255,255,692.353,19.922,692.353,19.922,84.083261121,677,8,29,23,28.925170443,21.921,173.538,0.885,30.083217913,126990,255,NaN,NaN,100,126990,677,17,158.552,22.698356430,1.320,0.758,0.946768061,688,8
3,921,255,0,255,255,255,804.257,21.201,804.257,21.201,125.740115370,782,8,46,28,48.092943031,24.383,168.423,0.732,48.703182648,234855,255,NaN,NaN,100,234855,782,11,160.821,24.496098129,1.972,0.507,0.938359654,788,8
4,787,255,0,255,255,255,584.482,25.369,584.482,25.369,115.396969620,565,9,36,34,41.904228308,23.913,135.741,0.743,45.276925691,200685,255,NaN,NaN,100,200685,565,12,136.790,26.162950904,1.752,0.571,0.920467836,577,9
5,1939,255,0,255,255,255,622.642,40.095,622.642,40.095,175.095454430,599,9,47,59,56.286176937,43.862,90.315,0.795,61.131006862,494445,255,NaN,NaN,100,494445,613,68,74.827,45.045313972,1.283,0.779,0.944011685,627,9
6,1458,255,0,255,255,255,661.615,34.217,661.615,34.217,158.468037432,637,12,47,46,51.015356510,36.389,135.326,0.730,58.898217291,371790,255,NaN,NaN,100,371790,637,13,139.821,41.019985071,1.402,0.713,0.922492882,639,12
7,703,255,0,255,255,255,561.573,30.831,561.573,30.831,112.225396744,545,14,35,34,41.504457621,21.566,132.064,0.701,42.449970554,179265,255,NaN,NaN,100,179265,547,17,133.091,25.381790601,1.925,0.520,0.880400751,556,14
8,350,255,0,255,255,255,843.320,22.834,843.320,22.834,87.012193309,826,15,35,17,35.758193150,12.462,166.922,0.581,36.138621999,89250,255,NaN,NaN,100,89250,826,16,165.579,12.854388127,2.869,0.349,0.888324873,827,15
9,721,255,0,255,255,255,531.689,36.684,531.689,36.684,107.012193309,518,20,29,33,36.215976579,25.348,55.023,0.791,40.459856648,183855,255,NaN,NaN,100,183855,518,51,50.013,28.534463608,1.429,0.700,0.938191282,536,20
10,399,255,0,255,255,255,868.964,36.335,868.964,36.335,76.769552622,856,25,24,22,26.794701987,18.960,147.819,0.851,28.844410204,101745,255,NaN,NaN,100,101745,856,31,146.310,20.318215889,1.413,0.708,0.941037736,862,25
11,905,255,0,255,255,255,840.809,42.170,840.809,42.170,125.639610307,818,27,46,30,46.338589795,24.867,161.900,0.720,48.846698967,230775,255,NaN,NaN,100,230775,818,35,157.109,25.620822560,1.863,0.537,0.910920986,829,27
12,869,255,0,255,255,255,500.286,41.919,500.286,41.919,122.811183182,475,28,43,31,39.729267226,27.850,177.904,0.724,44.643028571,221595,255,NaN,NaN,100,221595,475,41,15.593,31.000000000,1.427,0.701,0.930406852,500,28
13,1152,255,0,255,255,255,797.824,45.377,797.824,45.377,143.539105243,772,28,52,35,54.221894442,27.051,158.373,0.703,55.362442143,293760,255,NaN,NaN,100,293760,772,33,159.928,28.536138550,2.004,0.499,0.917197452,781,28
14,985,255,0,255,255,255,703.515,44.350,703.515,44.350,126.225396744,683,29,42,33,42.878704609,29.249,173.744,0.777,43.965895874,251175,255,NaN,NaN,100,251175,683,51,17.199,31.304951685,1.466,0.682,0.931001890,704,29
15,1016,255,0,255,255,255,750.642,43.414,750.642,43.414,131.154328933,726,29,48,29,48.448982918,26.700,172.538,0.742,49.244289009,259080,255,NaN,NaN,100,259080,726,38,167.093,28.142849891,1.815,0.551,0.924056389,738,29
16,592,255,0,255,255,255,894.424,45.149,894.424,45.149,95.254833996,881,31,29,28,32.464489202,23.218,143.892,0.820,36.769552622,150960,255,NaN,NaN,100,150960,881,31,135.000,24.748737342,1.398,0.715,0.938937351,881,31
17,589,255,0,255,255,255,551.052,52.974,551.052,52.974,92.811183182,536,37,29,30,28.475596328,26.336,95.519,0.859,31.780497164,150195,255,NaN,NaN,100,150195,548,37,114.146,26.870057685,1.081,0.925,0.934179223,548,37
18,622,255,0,255,255,255,481.442,56.762,481.442,56.762,105.982756057,465,41,37,28,40.122660272,19.738,150.294,0.696,43.566041822,158610,255,NaN,NaN,100,158610,465,43,148.134,21.581891687,2.033,0.492,0.924219911,472,41
19,609,255,0,255,255,255,595.290,58.014,595.290,58.014,109.882250994,577,41,35,34,42.667103492,18.173,129.165,0.634,44.045431091,155295,255,NaN,NaN,100,155295,581,41,129.472,19.614696629,2.348,0.426,0.876258993,581,41
20,1175,255,0,255,255,255,456.382,67.737,456.382,67.737,141.781745931,435,43,40,46,43.805161392,34.153,104.789,0.735,46.872166581,299625,255,NaN,NaN,100,299625,455,89,78.930,38.003880146,1.283,0.780,0.891840607,456,43
21,458,255,0,255,255,255,921.015,56.487,921.015,56.487,83.254833996,908,44,26,25,27.441003951,21.251,131.275,0.830,30.479501308,116790,255,NaN,NaN,100,116790,911,45,131.009,22.627416998,1.291,0.774,0.915084915,918,44
22,327,255,0,255,255,255,876.463,56.534,876.463,56.534,71.012193309,864,47,25,19,26.950047456,15.449,147.110,0.815,29.068883707,83385,255,NaN,NaN,100,83385,865,47,139.185,16.263455967,1.744,0.573,0.935622318,865,47
23,780,255,0,255,255,255,577.595,68.199,577.595,68.199,115.639610307,562,49,32,39,41.902019986,23.701,117.430,0.733,44.294469181,198900,255,NaN,NaN,100,198900,566,49,118.301,25.150307373,1.768,0.566,0.911747516,566,49
24,875,255,0,255,255,255,726.949,65.569,726.949,65.569,119.639610307,706,49,41,32,41.034377492,27.150,13.698,0.768,43.462627624,223125,255,NaN,NaN,100,223125,707,75,23.025,29.516097303,1.511,0.662,0.923970433,726,49
25,424,255,0,255,255,255,783.170,62.377,783.170,62.377,84.325901808,769,50,28,25,30.694981023,17.588,145.795,0.749,31.400636936,108120,255,NaN,NaN,100,108120,774,50,127.235,19.230184606,1.745,0.573,0.897354497,774,50
26,671,255,0,255,255,255,652.034,66.806,652.034,66.806,97.154328933,636,51,31,29,30.242668667,28.250,162.607,0.893,32.202484376,171105,255,NaN,NaN,100,171105,647,51,115.769,29.000000000,1.071,0.934,0.949752300,647,51
27,320,255,0,255,255,255,429.600,61.866,429.600,61.866,71.012193309,417,52,25,19,26.826100215,15.188,26.646,0.797,28.017851452,81600,255,NaN,NaN,100,81600,419,71,34.824,16.753211725,1.766,0.566,0.920863309,434,52
28,2944,255,0,255,255,255,528.939,89.315,528.939,89.315,217.237590053,503,52,55,73,74.328381765,50.430,107.911,0.784,75.802374633,750720,255,NaN,NaN,100,750720,503,60,126.416,52.799406176,1.474,0.678,0.934751548,518,52
29,816,255,0,255,255,255,686.770,67.480,686.770,67.480,114.811183182,667,52,39,31,39.977052874,25.989,160.692,0.778,42.154477817,208080,255,NaN,NaN,100,208080,667,59,157.694,26.069585491,1.538,0.650,0.927799886,681,52
30,446,255,0,255,255,255,760.825,67.610,760.825,67.610,82.769552622,747,58,29,20,29.531420886,19.229,163.725,0.818,30.870698081,113730,255,NaN,NaN,100,113730,748,59,155.095,20.000000000,1.536,0.651,0.938947368,750,58
31,566,255,0,255,255,255,401.313,74.984,401.313,74.984,100.083261121,383,63,35,25,34.420756958,20.937,22.230,0.710,37.735924528,144330,255,NaN,NaN,100,144330,384,83,32.005,24.434842714,1.644,0.608,0.908507223,405,63
32,1126,255,0,255,255,255,490.204,88.238,490.204,88.238,138.325901808,472,67,33,44,44.243152628,32.404,94.157,0.740,47.801673611,287130,255,NaN,NaN,100,287130,476,69,127.349,33.000000000,1.365,0.732,0.919183673,498,67
33,376,255,0,255,255,255,559.830,78.346,559.830,78.346,78.426406871,548,67,23,25,27.713577136,17.274,124.262,0.768,29.206163733,95880,255,NaN,NaN,100,95880,548,68,141.953,17.441330224,1.604,0.623,0.928395062,551,67
34,781,255,0,255,255,255,626.871,83.186,626.871,83.186,115.396969620,610,67,33,37,36.944306058,26.916,111.642,0.737,41.340053217,199155,255,NaN,NaN,100,199155,613,69,122.152,27.515114847,1.373,0.729,0.910787172,627,67
35,1981,255,0,255,255,255,432.655,99.844,432.655,99.844,176.752308679,408,71,48,59,58.999318331,42.751,119.219,0.797,61.400325732,505155,255,NaN,NaN,100,505155,422,71,106.074,46.734558510,1.380,0.725,0.922897741,422,71
36,1110,255,0,255,255,255,743.918,92.986,743.918,92.986,149.882250994,726,73,45,42,46.517721874,30.382,49.721,0.621,51.739733281,283050,255,NaN,NaN,100,283050,730,113,41.082,35.770273536,1.531,0.653,0.822222222,744,73
37,882,255,0,255,255,255,680.408,93.743,680.408,93.743,120.811183182,662,74,35,38,42.313990081,26.540,126.013,0.759,44.944410108,224910,255,NaN,NaN,100,224910,667,74,122.276,29.126731980,1.594,0.627,0.933333333,667,74
38,1028,255,0,255,255,255,607.157,97.612,607.157,97.612,133.539105243,588,75,38,44,50.735779078,25.798,121.269,0.724,51.623637997,262140,255,NaN,NaN,100,262140,595,75,121.535,25.643625457,1.967,0.508,0.930316742,595,75
39,500,255,0,255,255,255,710.052,87.702,710.052,87.702,92.669047558,695,76,33,23,31.811324782,20.012,7.676,0.732,33.376638537,127500,255,NaN,NaN,100,127500,695,84,171.384,21.984813476,1.590,0.629,0.897666068,705,76
40,1144,255,0,255,255,255,654.605,102.607,654.605,102.607,134.468037432,636,81,38,43,45.993695670,31.669,114.505,0.795,48.877397639,291720,255,NaN,NaN,100,291720,644,81,120.763,32.658915596,1.452,0.689,0.941951420,644,81
41,1192,255,0,255,255,255,391.751,102.648,391.751,102.648,136.367532368,369,84,42,42,44.721216558,33.937,138.567,0.805,46.141087980,303960,255,NaN,NaN,100,303960,370,91,150.101,36.796277498,1.318,0.759,0.916570550,381,84
42,254,255,0,255,255,255,359.157,95.382,359.157,95.382,63.698484810,348,86,21,17,21.363979706,15.138,13.263,0.787,23.259406699,64770,255,NaN,NaN,100,64770,348,101,25.463,16.734958128,1.411,0.709,0.910394265,363,86
43,1190,255,0,255,255,255,580.671,106.783,580.671,106.783,145.681240867,558,86,47,44,52.231015596,29.009,141.943,0.705,54.708317466,303450,255,NaN,NaN,100,303450,558,93,149.216,32.460528431,1.801,0.555,0.916442049,572,86
44,912,255,0,255,255,255,469.634,109.821,469.634,109.821,122.811183182,456,87,30,44,46.013878827,25.236,113.046,0.760,47.169905660,232560,255,NaN,NaN,100,232560,456,90,122.005,28.129783327,1.823,0.548,0.921677615,464,87
45,2191,255,0,255,255,255,359.027,126.040,359.027,126.040,184.752308679,330,102,60,51,57.548376472,48.475,153.376,0.807,60.802960454,558705,255,NaN,NaN,100,558705,335,105,143.696,49.737928570,1.187,0.842,0.939536878,339,102
46,710,255,0,255,255,255,637.439,123.990,637.439,123.990,110.568542495,623,105,31,36,38.188429201,23.672,127.928,0.730,41.048751504,181050,255,NaN,NaN,100,181050,627,105,124.077,27.262993221,1.613,0.620,0.873308733,627,105
47,1986,255,0,255,255,255,503.803,141.047,503.803,141.047,184.267027305,482,108,44,65,66.662204612,37.932,103.262,0.735,67.119296778,506430,255,NaN,NaN,100,506430,487,112,118.474,39.391468681,1.757,0.569,0.917744917,501,108
48,1316,255,0,255,255,255,570.562,134.255,570.562,134.255,149.438600180,549,111,47,45,47.169001834,35.523,142.430,0.741,51.478150705,335580,255,NaN,NaN,100,335580,550,117,150.945,38.948531815,1.328,0.753,0.930364086,557,111
49,1062,255,0,255,255,255,420.911,138.142,420.911,138.142,137.580735804,400,115,38,50,51.980893882,26.013,120.944,0.705,55.036351623,270810,255,NaN,NaN,100,270810,410,115,114.702,28.597914399,1.998,0.500,0.922675934,410,115
50,1030,255,0,255,255,255,451.555,142.745,451.555,142.745,129.639610307,436,119,32,46,43.317827498,30.275,77.854,0.770,46.389654019,262650,255,NaN,NaN,100,262650,452,165,82.569,30.918756379,1.431,0.699,0.925011226,456,119
51,604,255,0,255,255,255,610.164,133.937,610.164,133.937,94.083261121,596,120,28,29,32.294151128,23.813,54.315,0.857,34.132096332,154020,255,NaN,NaN,100,154020,604,149,58.173,24.363106855,1.356,0.737,0.943013271,606,120
52,1168,255,0,255,255,255,539.039,143.008,539.039,143.008,137.396969620,521,122,38,43,44.684028087,33.281,114.761,0.777,47.010637094,297840,255,NaN,NaN,100,297840,522,126,141.911,33.385054376,1.343,0.745,0.933653078,538,122
53,2319,255,0,255,255,255,410.713,173.450,410.713,173.450,230.208152802,385,127,50,90,90.533411977,32.614,112.126,0.550,96.664367789,591345,255,NaN,NaN,100,591345,390,127,114.444,39.183827722,2.776,0.360,0.849450549,390,127
54,651,255,0,255,255,255,475.925,149.568,475.925,149.568,103.840620434,464,131,24,37,37.108520529,22.337,94.861,0.759,37.854986461,166005,255,NaN,NaN,100,166005,471,131,102.200,23.742778106,1.661,0.602,0.932664756,471,131
55,590,255,0,255,255,255,627.588,150.966,627.588,150.966,94.468037432,614,134,26,35,32.671698972,22.993,79.930,0.831,35.510561809,150450,255,NaN,NaN,100,150450,624,169,80.272,25.150419960,1.421,0.704,0.926944226,625,134
56,1277,255,0,255,255,255,382.061,174.614,382.061,174.614,150.468037432,369,142,26,63,61.791885500,26.313,92.944,0.709,63.198101237,325635,255,NaN,NaN,100,325635,381,142,94.538,26.000000000,2.348,0.426,0.959429001,381,142
57,1093,255,0,255,255,255,587.645,167.191,587.645,167.191,132.124891681,570,143,34,47,46.195341922,30.125,70.893,0.787,48.764741361,278715,255,NaN,NaN,100,278715,583,190,74.539,30.594117082,1.533,0.652,0.940619621,594,143
58,1236,255,0,255,255,255,353.781,171.331,353.781,171.331,140.911688245,334,150,35,46,48.261827903,32.608,108.660,0.782,51.107729357,315180,255,NaN,NaN,100,315180,341,150,120.579,35.000000000,1.480,0.676,0.954071787,341,150
59,726,255,0,255,255,255,611.056,173.329,611.056,173.329,116.083261121,599,150,24,44,42.929111531,21.533,92.533,0.677,44.553338820,185130,255,NaN,NaN,100,185130,605,150,99.039,23.112692007,1.994,0.502,0.906933167,605,150
60,387,255,0,255,255,255,561.286,166.895,561.286,166.895,76.183766184,549,156,23,23,24.306569922,20.272,59.904,0.838,26.627053911,98685,255,NaN,NaN,100,98685,557,179,55.713,21.965007135,1.199,0.834,0.930288462,559,156
61,994,255,0,255,255,255,539.713,180.900,539.713,180.900,128.953318806,520,160,38,42,45.430566235,27.858,124.785,0.751,48.259714048,253470,255,NaN,NaN,100,253470,526,160,124.019,29.294404963,1.631,0.613,0.919518964,526,160
62,711,255,0,255,255,255,444.011,179.044,444.011,179.044,106.325901808,431,161,28,36,36.635265207,24.710,108.932,0.790,38.275318418,181305,255,NaN,NaN,100,181305,438,161,109.855,24.981993515,1.483,0.674,0.925178920,438,161
63,383,255,0,255,255,255,465.098,173.101,465.098,173.101,75.012193309,454,161,22,24,24.196304848,20.154,116.549,0.855,26.172504657,97665,255,NaN,NaN,100,97665,454,166,133.452,21.700666324,1.201,0.833,0.926239420,462,161
64,929,255,0,255,255,255,488.162,185.080,488.162,185.080,118.811183182,473,163,29,43,41.101764238,28.778,87.600,0.827,43.185645763,236895,255,NaN,NaN,100,236895,488,163,95.315,29.000000000,1.428,0.700,0.938858009,488,163
65,753,255,0,255,255,255,334.768,189.137,334.768,189.137,119.396969620,321,166,28,44,46.678798538,20.539,110.955,0.664,45.607017004,192015,255,NaN,NaN,100,192015,331,166,105.255,22.056438663,2.273,0.440,0.926769231,331,166
66,882,255,0,255,255,255,517.729,192.025,517.729,192.025,122.811183182,502,172,36,38,44.196948447,25.409,126.312,0.735,46.861498055,224910,255,NaN,NaN,100,224910,503,174,129.806,28.563309699,1.739,0.575,0.925498426,512,172
67,800,255,0,255,255,255,569.285,197.685,569.285,197.685,111.982756057,554,178,30,38,37.168685791,27.405,104.038,0.802,39.962482405,204000,255,NaN,NaN,100,204000,559,180,121.701,29.285611806,1.356,0.737,0.930773706,566,178
68,644,255,0,255,255,255,465.359,202.143,465.359,202.143,101.740115370,451,185,29,33,33.325685116,24.605,100.224,0.782,35.468295702,164220,255,NaN,NaN,100,164220,460,185,111.501,25.586723361,1.354,0.738,0.913475177,460,185
69,2055,255,0,255,255,255,362.919,224.247,362.919,224.247,180.024386618,340,194,46,60,58.373564853,44.823,87.744,0.797,61.098281482,524025,255,NaN,NaN,100,524025,350,197,111.105,45.992158990,1.302,0.768,0.931339225,368,194
70,558,255,0,255,255,255,443.634,210.769,443.634,210.769,93.740115370,431,195,26,32,31.953404840,22.234,118.888,0.798,35.341194094,142290,255,NaN,NaN,100,142290,436,195,115.115,23.954698625,1.437,0.696,0.929225645,436,195
71,1139,255,0,255,255,255,402.368,219.645,402.368,219.645,133.195959493,384,196,38,45,44.704016480,32.440,125.626,0.807,47.010637094,290445,255,NaN,NaN,100,290445,396,196,119.291,35.174087598,1.378,0.726,0.929795918,396,196
72,545,255,0,255,255,255,506.195,214.098,506.195,214.098,92.325901808,492,199,29,28,30.277831964,22.918,137.194,0.803,32.756678708,138975,255,NaN,NaN,100,138975,500,199,121.264,24.684158732,1.321,0.757,0.927659574,500,199
73,555,255,0,255,255,255,549.359,215.050,549.359,215.050,92.669047558,534,201,29,27,29.983535821,23.568,133.074,0.812,31.890437438,141525,255,NaN,NaN,100,141525,539,203,131.186,24.965287376,1.272,0.786,0.920398010,550,201
74,467,255,0,255,255,255,485.359,220.703,485.359,220.703,86.426406871,474,206,23,29,30.097840049,19.756,98.023,0.786,31.384709653,119085,255,NaN,NaN,100,119085,480,206,112.479,20.357497201,1.524,0.656,0.922013820,480,206
75,168,255,0,255,255,255,333.381,217.220,333.381,217.220,49.798989873,326,210,14,15,15.252920534,14.024,88.325,0.851,17.804493815,42840,255,NaN,NaN,100,42840,326,222,38.157,13.803940759,1.088,0.919,0.920547945,330,210
76,346,255,0,255,255,255,528.821,221.757,528.821,221.757,71.941125497,518,211,22,21,21.681296970,20.319,119.829,0.840,24.839484697,88230,255,NaN,NaN,100,88230,522,211,130.101,21.000000000,1.067,0.937,0.931359354,522,211
77,830,255,0,255,255,255,437.543,235.763,437.543,235.763,117.296464556,421,216,36,37,42.921209878,24.622,131.538,0.758,44.687805943,211650,255,NaN,NaN,100,211650,423,218,130.462,27.092761009,1.743,0.574,0.910087719,427,216
78,634,255,0,255,255,255,465.916,232.916,465.916,232.916,98.083261121,451,218,30,29,31.543331731,25.591,128.570,0.828,34.669871647,161670,255,NaN,NaN,100,161670,458,218,123.232,25.938388539,1.233,0.811,0.931667891,458,218
79,879,255,0,255,255,255,390.139,254.111,390.139,254.111,117.296464556,373,233,31,42,39.349991618,28.442,91.674,0.803,42.379240201,224145,255,NaN,NaN,100,224145,387,233,109.290,30.397570753,1.384,0.723,0.937600000,387,233
80,263,255,0,255,255,255,488.743,244.835,488.743,244.835,63.112698372,478,236,21,17,20.172530658,16.600,153.235,0.830,23.345235060,67065,255,NaN,NaN,100,67065,482,236,136.736,17.000000000,1.215,0.823,0.926056338,482,236
81,1066,255,0,255,255,255,417.415,259.426,417.415,259.426,129.053823869,402,237,33,45,43.334960598,31.321,85.351,0.804,45.705579528,271830,255,NaN,NaN,100,271830,413,282,79.919,32.009643247,1.384,0.723,0.928167175,420,237
82,426,255,0,255,255,255,468.080,255.697,468.080,255.697,81.497474683,453,246,30,21,28.330078790,19.146,173.761,0.806,30.413812651,108630,255,NaN,NaN,100,108630,453,252,170.538,20.761126902,1.480,0.676,0.923076923,458,246
83,1083,255,0,255,255,255,366.057,270.313,366.057,270.313,138.124891681,343,252,47,37,52.870610528,26.081,147.021,0.713,54.671747731,276165,255,NaN,NaN,100,276165,347,253,140.194,30.631405761,2.027,0.493,0.911616162,348,252
84,752,255,0,255,255,255,445.480,269.995,445.480,269.995,107.740115370,431,253,30,35,34.846219237,27.477,89.478,0.814,37.589892258,191760,255,NaN,NaN,100,191760,436,254,118.610,28.588593745,1.268,0.789,0.927250308,447,253
85,731,255,0,255,255,255,402.701,292.065,402.701,292.065,109.396969620,388,274,30,37,37.093383129,25.092,115.692,0.768,40.311288741,186405,255,NaN,NaN,100,186405,395,274,113.385,27.163990004,1.478,0.676,0.909769757,395,274
86,477,255,0,255,255,255,427.861,290.110,427.861,290.110,85.254833996,415,277,26,26,26.253011686,23.134,136.600,0.825,29.000000000,121635,255,NaN,NaN,100,121635,415,283,136.397,24.583080947,1.135,0.881,0.927113703,426,277
87,842,255,0,255,255,255,367.933,296.746,367.933,296.746,118.225396744,348,282,42,30,43.296687432,24.761,162.858,0.757,44.598206242,214710,255,NaN,NaN,100,214710,348,287,160.346,25.274343767,1.749,0.572,0.927312775,353,282
88,617,255,0,255,255,255,449.729,304.453,449.729,304.453,96.769552622,437,288,24,32,32.714856807,24.013,96.070,0.828,34.669871647,157335,255,NaN,NaN,100,157335,442,289,123.232,24.000000000,1.362,0.734,0.947045280,448,288
89,973,255,0,255,255,255,427.049,321.798,427.049,321.798,124.710678119,411,301,32,44,43.234064344,28.655,106.464,0.786,46.486557197,248115,255,NaN,NaN,100,248115,418,301,108.825,31.256753116,1.509,0.663,0.913186298,418,301
90,988,255,0,255,255,255,392.230,321.239,392.230,321.239,124.468037432,372,303,40,36,39.559066818,31.800,1.384,0.801,42.047592083,251940,255,NaN,NaN,100,251940,374,313,154.654,33.997553785,1.244,0.804,0.929882353,390,303
91,362,255,0,255,255,255,1189.757,322.964,1189.757,322.964,72.769552622,1179,312,23,21,23.698789606,19.449,161.663,0.859,24.758836806,92310,255,NaN,NaN,100,92310,1180,315,133.363,20.549873413,1.219,0.821,0.934193548,1190,312
92,274,255,0,255,255,255,451.496,327.369,451.496,327.369,67.941125497,441,319,23,18,25.039117416,13.933,28.341,0.746,26.248809497,69870,255,NaN,NaN,100,69870,442,337,40.365,16.007351252,1.797,0.556,0.908789386,456,319
93,1012,255,0,255,255,255,1186.020,350.271,1186.020,350.271,123.154328933,1169,331,35,38,40.822953786,31.564,120.572,0.838,42.520583251,258060,255,NaN,NaN,100,258060,1169,337,131.186,32.727311577,1.293,0.773,0.947565543,1178,331
94,980,255,0,255,255,255,407.031,349.523,407.031,349.523,120.610173055,389,332,40,37,39.076023856,31.932,27.880,0.847,41.761226036,249900,255,NaN,NaN,100,249900,389,358,16.699,32.600000000,1.224,0.817,0.946859903,408,332
95,620,255,0,255,255,255,1153.187,345.203,1153.187,345.203,98.183766184,1139,332,29,28,31.298665796,25.222,22.066,0.808,34.409301068,158100,255,NaN,NaN,100,158100,1140,357,35.538,27.063790948,1.241,0.806,0.917159763,1153,332
96,640,255,0,255,255,255,1162.453,368.625,1162.453,368.625,97.740115370,1148,354,30,30,29.400785928,27.716,11.749,0.842,31.622776602,163200,255,NaN,NaN,100,163200,1148,377,18.435,29.261541959,1.061,0.943,0.941176471,1163,354
97,538,255,0,255,255,255,1135.143,372.139,1135.143,372.139,90.669047558,1121,358,27,28,31.463831884,21.771,47.958,0.822,34.828149535,137190,255,NaN,NaN,100,137190,1121,383,39.174,23.113716760,1.445,0.692,0.934839270,1137,358
98,679,255,0,255,255,255,1183.864,384.659,1183.864,384.659,104.083261121,1169,369,30,32,35.183855514,24.572,54.251,0.788,39.051248380,173145,255,NaN,NaN,100,173145,1172,400,50.194,25.516209026,1.432,0.698,0.915711396,1179,369
99,830,255,0,255,255,255,1153.140,394.930,1153.140,394.930,111.639610307,1136,378,35,34,35.116892474,30.093,158.335,0.837,37.336309405,211650,255,NaN,NaN,100,211650,1136,387,159.624,29.725410006,1.167,0.857,0.938383267,1147,378
100,661,255,0,255,255,255,1123.787,399.695,1123.787,399.695,102.568542495,1106,384,33,30,29.228514889,28.794,22.661,0.790,33.734255587,168555,255,NaN,NaN,100,168555,1106,400,168.024,28.532227393,1.015,0.985,0.901773533,1119,384
101,726,255,0,255,255,255,1173.811,416.919,1173.811,416.919,103.497474683,1159,401,29,33,34.630258074,26.693,59.237,0.852,37.483329628,185130,255,NaN,NaN,100,185130,1160,428,43.919,28.565799097,1.297,0.771,0.939805825,1171,401
102,593,255,0,255,255,255,1145.288,422.299,1145.288,422.299,93.497474683,1133,407,26,31,28.915602411,26.112,89.208,0.852,31.575306808,151215,255,NaN,NaN,100,151215,1140,407,100.954,25.720185046,1.107,0.903,0.936069455,1140,407
103,601,255,0,255,255,255,1120.991,427.031,1120.991,427.031,94.769552622,1109,412,25,30,30.920830751,24.748,95.052,0.841,33.105890714,153255,255,NaN,NaN,100,153255,1112,412,115.017,24.626230315,1.249,0.800,0.944968553,1112,412
104,672,255,0,255,255,255,1158.586,446.064,1158.586,446.064,100.568542495,1145,429,28,34,32.992557105,25.934,65.287,0.835,34.525353003,171360,255,NaN,NaN,100,171360,1154,463,79.992,27.260142784,1.272,0.786,0.939203354,1159,429
105,604,255,0,255,255,255,1181.725,447.439,1181.725,447.439,99.497474683,1169,429,24,36,36.086009252,21.311,71.967,0.767,37.643060449,154020,255,NaN,NaN,100,154020,1175,465,73.009,21.584580553,1.693,0.591,0.921434020,1184,429
106,249,255,0,255,255,255,1136.721,445.207,1136.721,445.207,59.941125497,1127,435,17,20,20.024259941,15.833,107.188,0.871,21.470910554,63495,255,NaN,NaN,100,63495,1134,435,117.759,17.000000000,1.265,0.791,0.936090226,1134,435
107,312,255,0,255,255,255,1121.500,452.734,1121.500,452.734,67.112698372,1112,443,21,19,21.785099188,18.235,135.387,0.870,24.041630560,79560,255,NaN,NaN,100,79560,1114,443,135.000,19.000000000,1.195,0.837,0.945454545,1114,443
108,191,255,0,255,255,255,111.558,895.893,111.558,895.893,57.355339059,102,888,19,17,20.030227640,12.141,147.593,0.730,22.022715546,48705,255,NaN,NaN,100,48705,104,888,129.472,12.736723987,1.650,0.606,0.866213152,104,888
109,408,255,0,255,255,255,145.939,901.007,145.939,901.007,80.083261121,131,890,28,22,27.995314006,18.556,155.639,0.799,29.681644159,104040,255,NaN,NaN,100,104040,131,895,147.381,20.497482504,1.509,0.663,0.909698997,145,890
110,300,255,0,255,255,255,127.143,908.193,127.143,908.193,68.769552622,118,897,20,22,21.495276673,17.770,96.048,0.797,23.769728648,76500,255,NaN,NaN,100,76500,122,897,112.249,19.657568517,1.210,0.827,0.892857143,122,897
111,624,255,0,255,255,255,104.240,913.987,104.240,913.987,95.982756057,91,898,28,32,29.326161716,27.092,94.448,0.851,32.557641192,159120,255,NaN,NaN,100,159120,100,898,100.620,28.000000000,1.082,0.924,0.932038835,100,898
112,257,255,0,255,255,255,164.523,909.333,164.523,909.333,63.112698372,156,898,16,22,22.235604023,14.716,79.474,0.811,23.086792761,65535,255,NaN,NaN,100,65535,160,920,72.350,15.513028526,1.511,0.662,0.909734513,163,898
113,492,255,0,255,255,255,144.911,922.872,144.911,922.872,84.911688245,132,910,27,26,25.633215160,24.438,30.367,0.858,28.600699292,125460,255,NaN,NaN,100,125460,138,936,53.531,24.748737342,1.049,0.953,0.921348315,139,910
114,439,255,0,255,255,255,1302.826,923.937,1302.826,923.937,87.982756057,1288,912,31,25,34.417863463,16.240,38.530,0.713,35.510561809,111945,255,NaN,NaN,100,111945,1288,932,32.347,18.384776311,2.119,0.472,0.894093686,1311,912
115,399,255,0,255,255,255,82.610,929.733,82.610,929.733,80.083261121,70,917,24,26,26.033274871,19.514,61.889,0.782,27.658633372,101745,255,NaN,NaN,100,101745,70,936,40.601,20.124611797,1.334,0.750,0.907849829,85,917
116,487,255,0,255,255,255,1322.264,929.112,1322.264,929.112,86.669047558,1307,917,28,25,30.903613542,20.065,38.521,0.815,32.756678708,124185,255,NaN,NaN,100,124185,1307,935,31.264,22.337615633,1.540,0.649,0.938342967,1320,917
117,1064,255,0,255,255,255,120.199,940.443,120.199,940.443,127.639610307,102,919,35,42,41.372559886,32.745,74.593,0.821,43.566041822,271320,255,NaN,NaN,100,271320,108,957,58.134,33.731975244,1.263,0.791,0.935384615,119,919
118,583,255,0,255,255,255,163.407,936.215,163.407,936.215,96.911688245,149,919,27,32,31.015839492,23.933,63.535,0.780,34.928498393,148665,255,NaN,NaN,100,148665,156,951,66.371,26.655205871,1.296,0.772,0.903875969,167,919
119,214,255,0,255,255,255,95.785,938.089,95.785,938.089,61.355339059,86,928,18,20,22.567790519,12.074,53.814,0.714,23.600847442,54570,255,NaN,NaN,100,54570,88,948,53.616,13.964425565,1.869,0.535,0.862903226,95,928
120,264,255,0,255,255,255,1261.129,935.758,1261.129,935.758,62.870057685,1250,929,22,15,22.214754406,15.131,172.107,0.839,22.561028345,67320,255,NaN,NaN,100,67320,1250,932,167.196,15.000000000,1.468,0.681,0.932862191,1251,929
121,542,255,0,255,255,255,1279.755,946.013,1279.755,946.013,93.355339059,1268,931,24,30,32.245734959,21.401,74.144,0.782,33.541019662,138210,255,NaN,NaN,100,138210,1272,961,63.435,22.251314488,1.507,0.664,0.917866215,1280,931
122,658,255,0,255,255,255,1205.632,947.818,1205.632,947.818,98.911688245,1190,934,31,29,30.036696801,27.892,8.399,0.845,32.649655435,167790,255,NaN,NaN,100,167790,1196,961,40.030,28.899826989,1.077,0.929,0.930693069,1209,934
123,667,255,0,255,255,255,1300.614,952.533,1300.614,952.533,100.911688245,1287,936,27,34,34.953575972,24.297,69.056,0.823,36.400549446,170085,255,NaN,NaN,100,170085,1294,970,69.075,24.959405244,1.439,0.695,0.938115331,1300,936
124,665,255,0,255,255,255,1325.697,953.578,1325.697,953.578,103.982756057,1312,936,28,36,37.162777316,22.784,61.312,0.773,39.000000000,169575,255,NaN,NaN,100,169575,1320,972,67.380,24.883175316,1.631,0.613,0.923611111,1333,936
125,727,255,0,255,255,255,74.871,955.050,74.871,955.050,105.740115370,61,937,28,36,35.825940398,25.837,122.015,0.817,37.947331922,185385,255,NaN,NaN,100,185385,68,937,108.435,27.607881519,1.387,0.721,0.926704908,68,937
126,634,255,0,255,255,255,143.427,957.093,143.427,957.093,107.597979746,133,937,22,40,40.777545029,19.796,87.216,0.688,41.231056256,161670,255,NaN,NaN,100,161670,138,937,104.036,21.367650095,2.060,0.485,0.917510854,138,937
127,428,255,0,255,255,255,1230.540,951.652,1230.540,951.652,79.840620434,1220,938,21,27,26.986769305,20.193,107.942,0.844,28.425340807,109140,255,NaN,NaN,100,109140,1222,940,129.289,21.000000000,1.336,0.748,0.933478735,1226,938
128,590,255,0,255,255,255,1256.100,956.095,1256.100,956.095,95.982756057,1241,942,30,30,29.714771323,25.281,146.156,0.805,32.202484376,150450,255,NaN,NaN,100,150450,1242,948,154.231,27.001746974,1.175,0.851,0.920436817,1252,942
129,514,255,0,255,255,255,1180.724,956.356,1180.724,956.356,88.325901808,1167,944,28,27,27.189756055,24.070,142.141,0.828,29.154759474,131070,255,NaN,NaN,100,131070,1170,946,120.964,25.491174943,1.130,0.885,0.933696639,1178,944
130,328,255,0,255,255,255,97.479,958.189,97.479,958.189,72.526911935,89,946,18,25,24.675065313,16.925,102.437,0.784,25.709920264,83640,255,NaN,NaN,100,83640,96,946,103.496,18.000000000,1.458,0.686,0.908587258,96,946
131,743,255,0,255,255,255,162.729,968.596,162.729,968.596,112.083261121,149,950,28,38,40.527627872,23.343,70.133,0.743,42.047592083,189465,255,NaN,NaN,100,189465,154,988,64.654,23.400854685,1.736,0.576,0.925280199,164,950
132,407,255,0,255,255,255,1219.050,971.294,1219.050,971.294,77.597979746,1209,957,21,26,25.600485038,20.242,95.956,0.849,27.513632984,103785,255,NaN,NaN,100,103785,1217,957,109.093,21.000000000,1.265,0.791,0.931350114,1217,957
133,317,255,0,255,255,255,110.882,971.872,110.882,971.872,72.627416998,103,958,15,26,26.451297815,15.259,80.151,0.755,27.313000567,80835,255,NaN,NaN,100,80835,103,984,66.251,15.000000000,1.734,0.577,0.935103245,108,958
134,370,255,0,255,255,255,126.632,972.846,126.632,972.846,78.183766184,119,959,18,29,27.716034487,16.997,89.129,0.761,29.832867780,94350,255,NaN,NaN,100,94350,125,988,76.430,18.000000000,1.631,0.613,0.913580247,128,959
135,718,255,0,255,255,255,186.479,977.033,186.479,977.033,104.911688245,170,961,32,30,30.637584201,29.839,111.923,0.820,34.828149535,183090,255,NaN,NaN,100,183090,178,961,129.174,30.000000000,1.027,0.974,0.930654569,178,961
136,642,255,0,255,255,255,1170.280,978.533,1170.280,978.533,96.568542495,1157,962,27,33,31.464391832,25.979,123.047,0.865,34.205262753,163710,255,NaN,NaN,100,163710,1166,962,105.255,27.000000000,1.211,0.826,0.945508100,1166,962
137,576,255,0,255,255,255,1198.052,976.727,1198.052,976.727,92.669047558,1185,962,26,30,28.758834872,25.501,85.909,0.843,31.827660926,146880,255,NaN,NaN,100,146880,1185,986,43.727,26.000000000,1.128,0.887,0.931285368,1195,962
138,709,255,0,255,255,255,1242.868,978.222,1242.868,978.222,105.740115370,1227,962,33,31,32.061585355,28.156,12.822,0.797,35.114099732,180795,255,NaN,NaN,100,180795,1227,985,19.983,29.092954474,1.139,0.878,0.926797386,1241,962
139,1007,255,0,255,255,255,1277.330,980.229,1277.330,980.229,118.568542495,1259,962,35,36,37.428291430,34.256,54.821,0.900,40.496913463,256785,255,NaN,NaN,100,256785,1264,996,57.095,35.000000000,1.093,0.915,0.959504526,1272,962
140,567,255,0,255,255,255,248.518,974.978,248.518,974.978,101.154328933,231,963,34,27,32.521839292,22.198,148.376,0.696,37.013511047,144585,255,NaN,NaN,100,144585,231,966,141.582,23.255725470,1.465,0.683,0.875000000,243,963
141,632,255,0,255,255,255,1307.388,981.005,1307.388,981.005,97.982756057,1294,964,27,34,31.070621127,25.899,77.041,0.827,34.132096332,161160,255,NaN,NaN,100,161160,1308,998,84.958,26.366187856,1.200,0.834,0.923976608,1310,964
142,299,255,0,255,255,255,69.149,977.490,69.149,977.490,70.183766184,60,965,18,25,25.823971476,14.742,118.503,0.763,28.017851452,76245,255,NaN,NaN,100,76245,61,965,124.824,16.546903033,1.752,0.571,0.924265842,61,965
143,493,255,0,255,255,255,90.307,981.500,90.307,981.500,84.669047558,78,968,24,28,26.763567525,23.454,66.541,0.864,28.844410204,125715,255,NaN,NaN,100,125715,78,988,33.690,24.000000000,1.141,0.876,0.933712121,89,968
144,682,255,0,255,255,255,139.724,994.157,139.724,994.157,100.083261121,125,978,28,32,31.049872845,27.966,67.367,0.856,33.241540277,173910,255,NaN,NaN,100,173910,125,1002,46.219,28.000000000,1.110,0.901,0.943291840,138,978
145,696,255,0,255,255,255,108.984,998.009,108.984,998.009,101.154328933,93,983,31,31,34.338110292,25.807,39.645,0.855,37.202150475,177480,255,NaN,NaN,100,177480,94,1010,36.254,26.735540716,1.331,0.752,0.936112979,113,983
146,526,255,0,255,255,255,242.375,996.561,242.375,996.561,95.639610307,224,984,36,25,32.081998158,20.875,177.291,0.723,36.221540553,134130,255,NaN,NaN,100,134130,224,994,173.660,22.798348753,1.537,0.651,0.882550336,239,984
147,781,255,0,255,255,255,1216.576,1000.227,1216.576,1000.227,106.325901808,1201,984,31,33,34.845249141,28.538,58.784,0.868,37.121422387,199155,255,NaN,NaN,100,199155,1209,1017,62.745,29.426654584,1.221,0.819,0.946093277,1212,984
148,501,255,0,255,255,255,164.239,999.460,164.239,999.460,91.012193309,153,986,24,30,29.677164239,21.494,72.758,0.760,31.622776602,127755,255,NaN,NaN,100,127755,161,1016,71.565,23.481210715,1.381,0.724,0.881266491,166,986
149,496,255,0,255,255,255,209.758,998.375,209.758,998.375,95.982756057,194,986,35,25,33.731728146,18.722,165.017,0.677,37.336309405,126480,255,NaN,NaN,100,126480,194,992,159.624,20.952908873,1.802,0.555,0.859618718,203,986
150,544,255,0,255,255,255,1188.816,1000.678,1188.816,1000.678,89.154328933,1175,987,27,29,27.066909420,25.590,134.340,0.860,29.546573405,138720,255,NaN,NaN,100,138720,1175,1005,23.962,26.601075944,1.058,0.945,0.936316695,1184,987
151,719,255,0,255,255,255,1246.286,1003.827,1246.286,1003.827,108.325901808,1230,988,33,32,35.224302425,25.989,39.826,0.770,37.443290454,183345,255,NaN,NaN,100,183345,1230,1012,34.114,27.828043409,1.355,0.738,0.913595934,1255,988
152,396,255,0,255,255,255,1114.396,1001.091,1114.396,1001.091,79.254833996,1104,989,24,25,28.169413880,17.899,126.726,0.792,29.206163733,100980,255,NaN,NaN,100,100980,1105,989,141.953,18.806347342,1.574,0.635,0.914549654,1105,989
153,188,255,0,255,255,255,185.394,997.803,185.394,997.803,52.041630560,177,991,16,15,16.675735299,14.354,17.954,0.872,18.357559751,47940,255,NaN,NaN,100,47940,177,1001,29.358,14.990663761,1.162,0.861,0.928395062,185,991
154,363,255,0,255,255,255,1163.461,1003.522,1163.461,1003.522,74.183766184,1154,991,20,25,24.863258605,18.589,66.187,0.829,26.907248094,92565,255,NaN,NaN,100,92565,1155,1015,48.013,20.000000000,1.338,0.748,0.917825537,1161,991
155,582,255,0,255,255,255,1295.759,1007.912,1295.759,1007.912,92.325901808,1284,991,24,33,31.010185026,23.896,86.160,0.858,33.241540277,148410,255,NaN,NaN,100,148410,1294,991,96.911,24.000000000,1.298,0.771,0.939467312,1294,991
156,570,255,0,255,255,255,1271.747,1010.453,1271.747,1010.453,92.669047558,1258,997,26,29,28.187497863,25.747,78.710,0.834,30.886890423,145350,255,NaN,NaN,100,145350,1269,1026,60.945,26.000000000,1.095,0.913,0.932134096,1264,997
157,289,255,0,255,255,255,1146.407,1011.022,1146.407,1011.022,66.769552622,1139,998,15,26,25.454280831,14.456,69.934,0.815,27.856776554,73695,255,NaN,NaN,100,73695,1141,1024,68.962,15.000000000,1.761,0.568,0.944444444,1150,998
158,290,255,0,255,255,255,256.752,1012.228,256.752,1012.228,68.426406871,246,999,19,24,21.487666348,17.184,73.719,0.778,24.186773245,73950,255,NaN,NaN,100,73950,258,1023,82.875,19.000000000,1.250,0.800,0.910518053,259,999
159,605,255,0,255,255,255,363.507,1017.483,363.507,1017.483,97.396969620,349,1000,27,32,32.492636823,23.707,60.620,0.801,34.928498393,154275,255,NaN,NaN,100,154275,356,1032,66.371,26.162950904,1.371,0.730,0.907726932,367,1000
160,1252,255,0,255,255,255,325.516,1021.532,325.516,1021.532,143.923881554,299,1001,51,40,47.679405958,33.434,23.043,0.760,52.392747590,319260,255,NaN,NaN,100,319260,299,1026,13.241,34.223084493,1.426,0.701,0.913535206,330,1001
161,319,255,0,255,255,255,178.274,1015.444,178.274,1015.444,72.183766184,170,1002,18,26,26.604177560,15.267,108.768,0.769,27.313000567,81345,255,NaN,NaN,100,81345,173,1003,113.749,16.027678762,1.743,0.574,0.906250000,176,1002
162,385,255,0,255,255,255,198.248,1013.726,198.248,1013.726,79.497474683,185,1002,27,23,28.328625009,17.304,154.911,0.766,29.966648128,98175,255,NaN,NaN,100,98175,185,1007,154.290,18.782971011,1.637,0.611,0.899532710,193,1002
163,978,255,0,255,255,255,127.985,1023.617,127.985,1023.617,120.225396744,111,1003,36,37,37.918083882,32.840,127.163,0.850,41.146081223,249390,255,NaN,NaN,100,249390,123,1003,115.942,33.836370964,1.155,0.866,0.943560058,123,1003
164,185,255,0,255,255,255,1101.003,1012.370,1101.003,1012.370,52.426406871,1092,1004,18,17,15.876613338,14.836,18.605,0.846,18.248287591,47175,255,NaN,NaN,100,47175,1092,1015,9.462,14.849242405,1.070,0.934,0.895883777,1101,1004
165,321,255,0,255,255,255,152.145,1018.780,152.145,1018.780,71.597979746,142,1006,20,24,25.402983452,16.089,117.575,0.787,26.419689627,81855,255,NaN,NaN,100,81855,147,1007,119.476,17.948953965,1.579,0.633,0.900420757,150,1006
166,515,255,0,255,255,255,228.702,1015.013,228.702,1015.013,91.012193309,212,1006,34,19,34.101328022,19.229,2.694,0.781,34.713109915,131325,255,NaN,NaN,100,131325,212,1011,168.366,19.000000000,1.773,0.564,0.942360476,222,1006
167,386,255,0,255,255,255,1176.194,1019.715,1176.194,1019.715,74.426406871,1165,1006,22,24,23.247463841,21.141,109.693,0.876,25.632011236,98430,255,NaN,NaN,100,98430,1175,1006,110.556,22.000000000,1.100,0.909,0.942612943,1175,1006
168,718,255,0,255,255,255,1129.791,1027.595,1129.791,1027.595,112.911688245,1116,1007,25,42,41.360546818,22.103,88.946,0.708,43.657759906,183090,255,NaN,NaN,100,183090,1123,1048,69.905,24.988646070,1.871,0.534,0.884236453,1129,1007
169,280,255,0,255,255,255,385.454,1019.532,385.454,1019.532,72.669047558,375,1008,24,22,27.682843234,12.878,145.222,0.666,29.068883707,71400,255,NaN,NaN,100,71400,377,1008,130.815,15.148854903,2.150,0.465,0.880503145,377,1008
170,492,255,0,255,255,255,99.988,1024.612,99.988,1024.612,86.669047558,87,1011,25,28,27.453488172,22.818,111.414,0.823,29.410882340,125460,255,NaN,NaN,100,125460,94,1011,125.311,23.690634307,1.203,0.831,0.923943662,94,1011
171,477,255,0,255,255,255,1197.240,1025.842,1197.240,1025.842,86.669047558,1185,1011,24,29,28.748209577,21.126,65.074,0.798,31.016124839,121635,255,NaN,NaN,100,121635,1191,1040,69.228,21.586512643,1.361,0.735,0.909437560,1199,1011
172,828,255,0,255,255,255,1222.639,1030.329,1222.639,1030.329,111.639610307,1206,1012,33,36,36.269351006,29.067,56.403,0.835,38.078865529,211140,255,NaN,NaN,100,211140,1214,1047,66.801,30.907009613,1.248,0.801,0.921023359,1227,1012
173,132,255,0,255,255,255,1111.530,1019.848,1111.530,1019.848,45.698484810,1103,1013,16,13,17.147369867,9.801,35.809,0.794,18.601075238,33660,255,NaN,NaN,100,33660,1104,1026,36.254,11.171918578,1.749,0.572,0.880000000,1111,1013
174,172,255,0,255,255,255,166.680,1025.983,166.680,1025.983,53.941125497,160,1016,14,20,19.684447449,11.125,82.176,0.743,20.615528128,43860,255,NaN,NaN,100,43860,164,1036,75.964,12.851117442,1.769,0.565,0.877551020,165,1016
175,520,255,0,255,255,255,1154.704,1030.377,1154.704,1030.377,88.426406871,1142,1016,25,28,28.113674505,23.550,55.543,0.836,31.112698372,132600,255,NaN,NaN,100,132600,1142,1039,45.000,25.000000000,1.194,0.838,0.922803904,1154,1016
176,714,255,0,255,255,255,1253.340,1032.063,1253.340,1032.063,103.154328933,1238,1016,31,32,30.837138901,29.480,147.983,0.843,34.713109915,182070,255,NaN,NaN,100,182070,1240,1021,138.504,29.698484810,1.046,0.956,0.937623112,1255,1016
177,853,255,0,255,255,255,244.036,1033.343,244.036,1033.343,123.982756057,219,1019,47,27,46.145911864,23.536,177.130,0.697,48.270073545,217515,255,NaN,NaN,100,217515,219,1030,166.827,26.632635943,1.961,0.510,0.905520170,246,1019
178,728,255,0,255,255,255,1281.749,1037.266,1281.749,1037.266,105.396969620,1267,1019,29,36,34.825186362,26.616,64.402,0.824,37.363083385,185640,255,NaN,NaN,100,185640,1275,1055,74.476,27.750436126,1.308,0.764,0.928571429,1284,1019
179,294,255,0,255,255,255,195.173,1031.190,195.173,1031.190,69.597979746,184,1021,23,20,21.848403719,17.133,146.051,0.763,25.455844123,74970,255,NaN,NaN,100,74970,189,1021,135.000,18.973665961,1.275,0.784,0.885542169,189,1021
180,163,255,0,255,255,255,211.807,1028.850,211.807,1028.850,49.112698372,205,1021,15,16,15.979471767,12.988,49.635,0.849,17.492855685,41565,255,NaN,NaN,100,41565,207,1037,59.036,14.546477237,1.230,0.813,0.888283379,211,1021
181,319,255,0,255,255,255,383.939,1034.832,383.939,1034.832,68.769552622,372,1025,23,19,24.350123987,16.680,154.189,0.848,25.238858928,81345,255,NaN,NaN,100,81345,372,1030,146.310,17.441330224,1.460,0.685,0.941002950,377,1025
182,616,255,0,255,255,255,1110.640,1042.914,1110.640,1042.914,97.154328933,1098,1026,24,36,34.663144946,22.627,99.181,0.820,36.400549446,157080,255,NaN,NaN,100,157080,1104,1027,105.945,23.162342663,1.532,0.653,0.923538231,1109,1026
183,639,255,0,255,255,255,340.110,1044.538,340.110,1044.538,103.639610307,323,1027,32,33,33.829198889,24.050,40.310,0.748,36.359317925,162945,255,NaN,NaN,100,162945,324,1051,31.504,25.370654790,1.407,0.711,0.903818953,348,1027
184,567,255,0,255,255,255,177.906,1043.498,177.906,1043.498,91.597979746,165,1028,26,28,28.216356241,25.585,117.698,0.849,31.304951685,144585,255,NaN,NaN,100,144585,174,1028,116.565,26.000000000,1.103,0.907,0.933333333,174,1028
185,598,255,0,255,255,255,406.080,1045.358,406.080,1045.358,97.982756057,394,1028,26,35,33.736931729,22.569,104.642,0.783,37.000000000,152490,255,NaN,NaN,100,152490,399,1028,108.925,24.769005827,1.495,0.669,0.916475096,399,1028
186,565,255,0,255,255,255,153.523,1045.748,153.523,1045.748,91.840620434,142,1030,23,32,31.556847677,22.796,97.473,0.842,33.837848631,144075,255,NaN,NaN,100,144075,148,1030,108.970,22.920552440,1.384,0.722,0.930807249,148,1030
187,177,255,0,255,255,255,1174.867,1036.370,1174.867,1036.370,51.698484810,1166,1031,19,13,18.392798640,12.253,15.380,0.832,20.248456731,45135,255,NaN,NaN,100,45135,1166,1039,20.225,13.000000000,1.501,0.666,0.941489362,1168,1031
188,479,255,0,255,255,255,364.243,1044.277,364.243,1044.277,85.012193309,352,1032,27,24,25.704666542,23.726,43.518,0.833,29.154759474,122145,255,NaN,NaN,100,122145,352,1054,22.166,24.000000000,1.083,0.923,0.930097087,358,1032
189,305,255,0,255,255,255,1088.939,1044.093,1088.939,1044.093,65.355339059,1079,1034,19,21,20.251277409,19.176,95.520,0.897,21.954498400,77775,255,NaN,NaN,100,77775,1086,1055,59.931,19.000000000,1.056,0.947,0.934150077,1085,1034
190,393,255,0,255,255,255,109.090,1047.360,109.090,1047.360,77.254833996,97,1035,23,25,24.065718320,20.792,110.047,0.827,26.248809497,100215,255,NaN,NaN,100,100215,98,1040,139.635,22.627416998,1.157,0.864,0.913953488,112,1035
191,860,255,0,255,255,255,232.688,1052.077,232.688,1052.077,134.953318806,208,1035,51,32,49.728421210,22.019,158.749,0.593,54.424259297,219300,255,NaN,NaN,100,219300,208,1038,159.567,25.127918889,2.258,0.443,0.847708231,214,1035
192,180,255,0,255,255,255,1182.744,1046.472,1182.744,1046.472,53.941125497,1175,1036,15,19,19.701532488,11.633,60.639,0.777,21.023796042,45900,255,NaN,NaN,100,45900,1177,1055,64.654,13.416407865,1.694,0.590,0.897755611,1185,1036
193,621,255,0,255,255,255,1198.434,1054.199,1198.434,1054.199,100.083261121,1186,1038,27,33,35.041693259,22.564,65.563,0.779,37.589892258,158355,255,NaN,NaN,100,158355,1188,1071,61.390,23.397612610,1.553,0.644,0.928945400,1200,1038
194,441,255,0,255,255,255,1237.090,1052.604,1237.090,1052.604,78.911688245,1225,1039,25,25,24.160187161,23.241,60.875,0.890,26.248809497,112455,255,NaN,NaN,100,112455,1230,1064,72.255,24.041630560,1.040,0.962,0.938297872,1235,1039
195,716,255,0,255,255,255,203.103,1057.126,203.103,1057.126,105.254833996,189,1040,30,32,33.927676002,26.870,112.988,0.812,36.619666847,182580,255,NaN,NaN,100,182580,192,1042,124.992,28.053837601,1.263,0.792,0.931079324,199,1040
196,395,255,0,255,255,255,1141.763,1052.766,1141.763,1052.766,77.254833996,1131,1040,22,26,25.783057777,19.506,55.652,0.832,27.802877549,100725,255,NaN,NaN,100,100725,1131,1062,37.694,20.426487199,1.322,0.757,0.918604651,1141,1040
197,493,255,0,255,255,255,1163.796,1054.940,1163.796,1054.940,87.497474683,1151,1040,25,29,27.790340202,22.587,77.543,0.809,29.832867780,125715,255,NaN,NaN,100,125715,1159,1069,76.430,24.134920386,1.230,0.813,0.897996357,1165,1040
198,580,255,0,255,255,255,132.228,1054.252,132.228,1054.252,94.669047558,119,1041,27,30,31.790751743,23.229,122.178,0.813,34.000000000,147900,255,NaN,NaN,100,147900,121,1041,118.072,25.620702218,1.369,0.731,0.928742994,121,1041
199,1414,255,0,255,255,255,295.629,1057.837,295.629,1057.837,205.338095117,254,1041,84,33,87.187815767,20.649,167.151,0.421,86.683331731,360570,255,NaN,NaN,100,360570,254,1046,163.237,24.947002649,4.222,0.237,0.784248475,267,1041
200,677,255,0,255,255,255,385.178,1059.992,385.178,1059.992,99.982756057,369,1044,31,31,30.078980606,28.657,110.189,0.851,33.615472628,172635,255,NaN,NaN,100,172635,380,1044,112.751,28.621670112,1.050,0.953,0.926762491,380,1044
201,749,255,0,255,255,255,1259.806,1063.786,1259.806,1063.786,109.982756057,1246,1045,28,39,38.030417237,25.076,78.279,0.778,39.319206503,190995,255,NaN,NaN,100,190995,1261,1084,82.694,25.785505768,1.517,0.659,0.920712969,1263,1045
202,590,255,0,255,255,255,1216.114,1066.639,1216.114,1066.639,101.740115370,1202,1048,27,35,34.906950300,21.520,74.899,0.716,37.161808352,150450,255,NaN,NaN,100,150450,1209,1083,66.194,23.525270586,1.622,0.617,0.893262680,1214,1048
203,280,255,0,255,255,255,1121.850,1062.561,1121.850,1062.561,74.769552622,1112,1049,19,25,28.035906681,12.716,57.704,0.629,30.000000000,71400,255,NaN,NaN,100,71400,1113,1074,53.130,15.802120312,2.205,0.454,0.809248555,1123,1049
204,867,255,0,255,255,255,174.941,1071.061,174.941,1071.061,114.083261121,159,1055,34,33,34.347025316,32.140,160.078,0.837,37.536648758,221085,255,NaN,NaN,100,221085,160,1082,41.760,32.466868666,1.069,0.936,0.936285097,165,1055
205,857,255,0,255,255,255,356.468,1070.843,356.468,1070.843,113.982756057,338,1055,38,31,37.034916399,29.463,159.976,0.829,39.446165847,218535,255,NaN,NaN,100,218535,339,1061,149.534,30.221329046,1.257,0.796,0.927489177,351,1055
206,228,255,0,255,255,255,1179.759,1065.864,1179.759,1065.864,58.526911935,1171,1056,16,20,19.821128591,14.646,89.467,0.836,21.189620100,58140,255,NaN,NaN,100,58140,1178,1076,70.710,15.876446027,1.353,0.739,0.915662651,1177,1056
207,506,255,0,255,255,255,125.858,1076.024,125.858,1076.024,97.296464556,112,1058,27,36,38.634199415,16.676,124.275,0.672,39.115214431,129030,255,NaN,NaN,100,129030,112,1061,122.471,18.800000000,2.317,0.432,0.905187835,118,1058
208,815,255,0,255,255,255,257.217,1078.641,257.217,1078.641,118.468037432,242,1058,31,41,38.115951798,27.225,110.891,0.730,41.976183724,207825,255,NaN,NaN,100,207825,258,1058,102.381,29.342634115,1.400,0.714,0.880605078,258,1058
209,447,255,0,255,255,255,149.035,1075.189,149.035,1075.189,82.669047558,137,1061,22,29,27.437158990,20.743,80.619,0.822,29.427877939,113985,255,NaN,NaN,100,113985,147,1061,99.782,21.872844346,1.323,0.756,0.914110429,147,1061
210,296,255,0,255,255,255,1148.916,1072.804,1148.916,1072.804,65.597979746,1141,1061,18,23,22.539539003,16.721,77.211,0.864,23.769728648,75480,255,NaN,NaN,100,75480,1146,1084,75.379,18.000000000,1.348,0.742,0.933753943,1148,1061
211,419,255,0,255,255,255,228.526,1073.586,228.526,1073.586,80.183766184,214,1063,27,21,27.172821648,19.633,165.392,0.819,28.792360098,106845,255,NaN,NaN,100,106845,214,1072,159.677,21.000000000,1.384,0.723,0.930077691,220,1063
212,455,255,0,255,255,255,406.885,1076.784,406.885,1076.784,83.597979746,394,1063,24,26,27.208791171,21.292,121.991,0.818,31.064449134,116025,255,NaN,NaN,100,116025,401,1063,123.179,21.951818898,1.278,0.783,0.927624873,401,1063
213,251,255,0,255,255,255,1132.715,1073.950,1132.715,1073.950,60.284271247,1125,1063,15,21,20.303525391,15.740,80.154,0.868,21.470910554,64005,255,NaN,NaN,100,64005,1128,1084,62.241,15.000000000,1.290,0.775,0.941838649,1131,1063
214,423,255,0,255,255,255,1236.216,1075.793,1236.216,1075.793,80.083261121,1224,1064,24,26,26.173193568,20.578,56.209,0.829,28.635642127,107865,255,NaN,NaN,100,107865,1233,1090,65.225,22.627416998,1.272,0.786,0.923580786,1239,1064
215,850,255,0,255,255,255,288.658,1077.514,288.658,1077.514,120.083261121,268,1065,42,27,45.183548450,23.952,167.741,0.741,45.188494111,216750,255,NaN,NaN,100,216750,269,1066,155.136,24.912861237,1.886,0.530,0.915948276,273,1065
216,518,255,0,255,255,255,1165.098,1083.268,1165.098,1083.268,90.426406871,1151,1069,27,27,29.367375017,22.458,52.164,0.796,31.906112267,132090,255,NaN,NaN,100,132090,1154,1096,57.804,24.352799090,1.308,0.765,0.914386584,1167,1069
217,928,255,0,255,255,255,1191.586,1089.923,1191.586,1089.923,119.982756057,1175,1071,33,39,39.169426775,30.166,68.199,0.810,42.190046219,236640,255,NaN,NaN,100,236640,1179,1107,58.570,30.802024380,1.298,0.770,0.931259408,1193,1071
218,799,255,0,255,255,255,205.014,1087.675,205.014,1087.675,109.639610307,188,1072,34,34,33.556846994,30.316,128.743,0.835,36.769552622,203745,255,NaN,NaN,100,203745,194,1072,112.380,31.752165280,1.107,0.903,0.930151339,194,1072
219,880,255,0,255,255,255,326.265,1086.768,326.265,1086.768,118.568542495,306,1072,41,29,38.027200209,29.464,8.490,0.787,41.976183724,224400,255,NaN,NaN,100,224400,306,1094,12.381,29.000000000,1.291,0.775,0.921465969,322,1072
220,620,255,0,255,255,255,383.276,1088.644,383.276,1088.644,97.497474683,369,1074,30,29,29.367047283,26.881,48.637,0.820,32.449961479,158100,255,NaN,NaN,100,158100,375,1103,56.310,28.076897890,1.092,0.915,0.916481892,377,1074
221,220,255,0,255,255,255,1118.145,1083.100,1118.145,1083.100,57.355339059,1110,1074,17,19,18.100862721,15.475,89.852,0.840,19.416487839,56100,255,NaN,NaN,100,56100,1116,1074,101.889,16.760071599,1.170,0.855,0.892494929,1116,1074
222,534,255,0,255,255,255,1246.948,1095.069,1246.948,1095.069,91.154328933,1234,1080,26,31,31.047985256,21.899,58.539,0.808,32.649655435,136170,255,NaN,NaN,100,136170,1235,1105,40.030,23.574758340,1.418,0.705,0.919104991,1248,1080
223,811,255,0,255,255,255,1136.039,1098.637,1136.039,1098.637,109.154328933,1120,1082,33,33,35.418203588,29.154,40.087,0.855,37.802116343,206805,255,NaN,NaN,100,206805,1120,1108,37.476,30.802024380,1.215,0.823,0.941381312,1140,1082
224,598,255,0,255,255,255,1220.550,1096.356,1220.550,1096.356,93.740115370,1206,1082,28,30,30.516507497,24.950,130.160,0.855,32.649655435,152490,255,NaN,NaN,100,152490,1209,1084,139.970,25.351302227,1.223,0.818,0.938775510,1219,1082
225,361,255,0,255,255,255,163.932,1095.309,163.932,1095.309,73.597979746,153,1083,21,24,23.614444245,19.464,116.982,0.838,26.400757565,92055,255,NaN,NaN,100,92055,159,1083,114.624,21.000000000,1.213,0.824,0.929214929,159,1083
226,318,255,0,255,255,255,232.752,1091.252,232.752,1091.252,70.183766184,221,1083,25,18,24.917812435,16.249,11.883,0.811,25.961509971,81090,255,NaN,NaN,100,81090,221,1096,15.642,17.439550769,1.533,0.652,0.919075145,237,1083
227,409,255,0,255,255,255,144.478,1099.776,144.478,1099.776,79.982756057,132,1086,25,27,25.897667579,20.108,120.781,0.803,28.160255681,104295,255,NaN,NaN,100,104295,140,1086,106.504,21.019038988,1.288,0.776,0.892039258,140,1086
228,239,255,0,255,255,255,184.182,1095.308,184.182,1095.308,61.355339059,175,1086,19,19,21.453294795,14.184,134.179,0.798,22.472205054,60945,255,NaN,NaN,100,60945,175,1089,147.724,16.463864174,1.512,0.661,0.893457944,181,1086
229,1023,255,0,255,255,255,356.261,1104.573,356.261,1104.573,123.740115370,339,1086,35,38,38.449917068,33.876,92.506,0.840,40.496913463,260865,255,NaN,NaN,100,260865,348,1086,122.905,35.000000000,1.135,0.881,0.934246575,348,1086
230,1345,255,0,255,255,255,291.553,1107.152,291.553,1107.152,142.225396744,268,1088,47,37,49.179429878,34.822,156.910,0.836,51.894122981,342975,255,NaN,NaN,100,342975,268,1098,154.916,36.277392833,1.412,0.708,0.945186226,288,1088
231,410,255,0,255,255,255,406.659,1098.473,406.659,1098.473,78.183766184,394,1088,25,22,25.563840597,20.421,16.175,0.843,26.925824036,104550,255,NaN,NaN,100,104550,394,1102,21.801,21.990321904,1.252,0.799,0.917225951,400,1088
232,246,255,0,255,255,255,1111.163,1100.293,1111.163,1100.293,59.698484810,1102,1090,17,19,18.315257992,17.101,73.150,0.867,20.248456731,62730,255,NaN,NaN,100,62730,1102,1096,147.095,17.000000000,1.071,0.934,0.919626168,1110,1090
233,717,255,0,255,255,255,250.994,1106.586,250.994,1106.586,109.396969620,230,1092,39,28,37.105115689,24.603,168.136,0.753,40.804411526,182835,255,NaN,NaN,100,182835,230,1102,162.897,26.752775728,1.508,0.663,0.898496241,247,1092
234,629,255,0,255,255,255,1163.212,1108.516,1163.212,1108.516,96.083261121,1147,1095,31,27,31.548220350,25.386,32.601,0.856,33.421549934,160395,255,NaN,NaN,100,160395,1153,1121,51.072,26.838093021,1.243,0.805,0.943735934,1167,1095
235,254,255,0,255,255,255,218.650,1106.969,218.650,1106.969,61.597979746,208,1097,21,18,22.504054183,14.371,26.669,0.841,23.323807579,64770,255,NaN,NaN,100,64770,209,1114,30.964,15.460935953,1.566,0.639,0.923636364,220,1097
236,322,255,0,255,255,255,1095.264,1111.314,1095.264,1111.314,74.769552622,1085,1097,20,25,26.128074177,15.691,62.601,0.724,29.681644159,82110,255,NaN,NaN,100,82110,1085,1122,57.381,16.949926254,1.665,0.601,0.905766526,1097,1097
237,253,255,0,255,255,255,178.132,1111.243,178.132,1111.243,63.112698372,171,1099,15,23,23.154871986,13.912,97.130,0.798,24.698178070,64515,255,NaN,NaN,100,64515,175,1099,111.371,15.000000000,1.664,0.601,0.911711712,175,1099
238,460,255,0,255,255,255,326.480,1110.852,326.480,1110.852,84.041630560,314,1100,26,21,27.130458782,21.588,166.336,0.818,30.528675045,117300,255,NaN,NaN,100,117300,314,1101,148.392,20.823221590,1.257,0.796,0.940695297,317,1100
239,699,255,0,255,255,255,1206.630,1119.077,1206.630,1119.077,101.396969620,1193,1101,28,35,32.127217625,27.702,97.629,0.854,35.128336141,178245,255,NaN,NaN,100,178245,1204,1136,85.101,28.000000000,1.160,0.862,0.936369725,1205,1101
240,492,255,0,255,255,255,195.880,1116.313,195.880,1116.313,86.669047558,185,1102,24,29,28.181523702,22.229,69.666,0.823,29.832867780,125460,255,NaN,NaN,100,125460,190,1131,76.430,24.000000000,1.268,0.789,0.918767507,194,1102
241,708,255,0,255,255,255,387.030,1117.397,387.030,1117.397,104.225396744,371,1102,30,34,33.796906330,26.673,122.205,0.819,36.055512755,180540,255,NaN,NaN,100,180540,375,1104,123.690,28.284271247,1.267,0.789,0.930354796,387,1102
242,506,255,0,255,255,255,413.698,1118.563,413.698,1118.563,87.597979746,400,1105,26,26,26.284557513,24.511,34.550,0.829,28.425340807,129030,255,NaN,NaN,100,129030,402,1127,50.711,26.000000000,1.072,0.933,0.923357664,415,1105
243,449,255,0,255,255,255,161.275,1118.565,161.275,1118.565,82.669047558,148,1106,26,25,26.237288213,21.789,141.128,0.826,28.017851452,114495,255,NaN,NaN,100,114495,149,1112,145.176,23.337820081,1.204,0.830,0.907070707,158,1106
244,422,255,0,255,255,255,1231.661,1119.576,1231.661,1119.576,81.154328933,1221,1106,24,28,29.112859653,18.456,54.344,0.805,29.732137495,107610,255,NaN,NaN,100,107610,1226,1134,70.346,20.458762807,1.577,0.634,0.920392585,1234,1106
245,493,255,0,255,255,255,1114.062,1121.480,1114.062,1121.480,88.083261121,1101,1108,27,27,27.349502788,22.951,66.839,0.798,29.546573405,125715,255,NaN,NaN,100,125715,1107,1135,66.038,23.467257938,1.192,0.839,0.912962963,1118,1108
246,622,255,0,255,255,255,1181.553,1125.392,1181.553,1125.392,99.740115370,1168,1108,27,34,33.605449009,23.566,68.921,0.786,34.785054262,158610,255,NaN,NaN,100,158610,1177,1142,71.565,26.383595616,1.426,0.701,0.906045157,1179,1108
247,746,255,0,255,255,255,222.566,1124.903,222.566,1124.903,112.124891681,202,1110,41,30,39.014052566,24.346,24.890,0.746,42.449970554,190230,255,NaN,NaN,100,190230,202,1129,15.018,26.650126062,1.602,0.624,0.892878516,229,1110
248,679,255,0,255,255,255,1136.867,1128.774,1136.867,1128.774,103.154328933,1121,1113,31,32,33.743070187,25.621,50.544,0.802,35.777087640,173145,255,NaN,NaN,100,173145,1130,1145,63.435,27.700975374,1.317,0.759,0.926330150,1141,1113
249,541,255,0,255,255,255,268.202,1128.522,268.202,1128.522,92.911688245,252,1115,31,26,30.363670842,22.686,165.757,0.788,32.449961479,137955,255,NaN,NaN,100,137955,253,1121,146.310,25.219545549,1.338,0.747,0.894954508,269,1115
250,879,255,0,255,255,255,332.469,1132.800,332.469,1132.800,121.154328933,312,1118,40,31,40.611139506,27.558,179.661,0.753,42.059481690,224145,255,NaN,NaN,100,224145,312,1124,151.607,29.945165449,1.474,0.679,0.894656489,340,1118
251,291,255,0,255,255,255,244.239,1130.823,244.239,1130.823,70.426406871,233,1119,21,22,21.473737235,17.254,57.847,0.737,24.839484697,74205,255,NaN,NaN,100,74205,233,1137,40.101,18.924257364,1.245,0.804,0.875187970,244,1119
252,339,255,0,255,255,255,1071.594,1133.435,1071.594,1133.435,82.669047558,1061,1120,23,28,32.873615957,13.130,51.966,0.623,34.828149535,86445,255,NaN,NaN,100,86445,1062,1147,50.826,15.980824144,2.504,0.399,0.859315589,1076,1120
253,960,255,0,255,255,255,368.903,1138.799,368.903,1138.799,121.296464556,350,1121,40,35,39.189438422,31.190,163.948,0.820,42.438190348,244800,255,NaN,NaN,100,244800,353,1125,145.561,32.484142473,1.256,0.796,0.937042460,369,1121
254,561,255,0,255,255,255,1092.980,1135.889,1092.980,1135.889,91.254833996,1079,1122,27,28,28.509049260,25.055,89.899,0.847,30.886890423,143055,255,NaN,NaN,100,143055,1085,1123,119.055,26.261286572,1.138,0.879,0.936560935,1094,1122
255,357,255,0,255,255,255,1158.144,1133.430,1158.144,1133.430,73.941125497,1148,1122,20,24,25.413248579,17.886,59.626,0.821,27.459060435,91035,255,NaN,NaN,100,91035,1152,1146,56.889,19.606121493,1.421,0.704,0.926070039,1153,1122
256,370,255,0,255,255,255,178.692,1134.805,178.692,1134.805,75.012193309,167,1123,23,23,22.949366026,20.528,50.209,0.826,25.079872408,94350,255,NaN,NaN,100,94350,174,1146,66.501,22.528031319,1.118,0.894,0.901339829,175,1123
257,434,255,0,255,255,255,999.945,1137.166,999.945,1137.166,82.083261121,989,1124,23,27,29.589033872,18.675,53.684,0.809,31.906112267,110670,255,NaN,NaN,100,110670,992,1151,57.804,19.598733245,1.584,0.631,0.925373134,1000,1124
258,818,255,0,255,255,255,296.048,1139.611,296.048,1139.611,111.254833996,280,1125,34,31,34.847051667,29.888,43.043,0.830,39.623225512,208590,255,NaN,NaN,100,208590,284,1155,47.045,31.000000000,1.166,0.858,0.945664740,284,1125
259,615,255,0,255,255,255,202.833,1144.986,202.833,1144.986,99.740115370,189,1130,31,30,30.605464115,25.585,147.358,0.777,34.132096332,156825,255,NaN,NaN,100,156825,191,1132,148.173,27.557655747,1.196,0.836,0.892597968,197,1130
260,304,255,0,255,255,255,1214.599,1141.671,1214.599,1141.671,70.426406871,1206,1130,20,24,25.885081790,14.953,51.936,0.770,27.784887979,77520,255,NaN,NaN,100,77520,1207,1154,59.744,16.970562748,1.731,0.578,0.924012158,1220,1130
261,382,255,0,255,255,255,1050.785,1146.267,1050.785,1146.267,79.497474683,1040,1131,21,29,29.644442351,16.407,58.654,0.760,31.400636936,97410,255,NaN,NaN,100,97410,1041,1158,52.765,17.499162542,1.807,0.553,0.898823529,1054,1131
262,710,255,0,255,255,255,1192.325,1150.766,1192.325,1150.766,102.568542495,1179,1133,27,36,35.180289467,25.696,65.361,0.848,36.674241642,181050,255,NaN,NaN,100,181050,1190,1169,78.996,27.000000000,1.369,0.730,0.939774983,1194,1133
263,448,255,0,255,255,255,981.536,1156.509,981.536,1156.509,97.053823869,968,1135,24,37,32.530539899,17.535,69.359,0.598,38.327535793,114240,255,NaN,NaN,100,114240,978,1172,74.876,20.332257695,1.855,0.539,0.831940576,986,1135
264,401,255,0,255,255,255,255.039,1148.575,255.039,1148.575,78.426406871,243,1136,22,26,24.471371025,20.864,95.381,0.819,27.018512172,102255,255,NaN,NaN,100,102255,243,1142,141.009,22.000000000,1.173,0.853,0.911363636,255,1136
265,638,255,0,255,255,255,1114.603,1150.754,1114.603,1150.754,97.254833996,1101,1136,28,30,30.103102325,26.985,76.740,0.848,32.202484376,162690,255,NaN,NaN,100,162690,1107,1136,126.158,27.224772456,1.116,0.896,0.940309506,1107,1136
266,331,255,0,255,255,255,231.424,1146.983,231.424,1146.983,69.597979746,220,1138,23,20,22.386337476,18.826,176.733,0.859,25.079872408,84405,255,NaN,NaN,100,84405,220,1141,156.501,20.000000000,1.189,0.841,0.923291492,229,1138
267,487,255,0,255,255,255,1167.147,1152.307,1167.147,1152.307,86.426406871,1154,1138,24,28,25.269946655,24.538,43.922,0.819,28.844410204,124185,255,NaN,NaN,100,124185,1154,1159,33.690,24.000000000,1.030,0.971,0.920604915,1169,1138
268,234,255,0,255,255,255,1077.470,1150.077,1077.470,1150.077,58.769552622,1070,1139,17,20,18.980789936,15.697,98.440,0.851,20.615528128,59670,255,NaN,NaN,100,59670,1077,1139,104.036,17.000000000,1.209,0.827,0.921259843,1077,1139
269,433,255,0,255,255,255,1005.819,1154.860,1005.819,1154.860,84.669047558,992,1140,25,27,29.750100784,18.531,39.653,0.759,31.890437438,110415,255,NaN,NaN,100,110415,992,1163,41.186,20.742321530,1.605,0.623,0.898340249,1012,1140
270,385,255,0,255,255,255,273.321,1153.851,273.321,1153.851,77.941125497,265,1141,18,28,28.192047263,17.388,93.506,0.796,29.120439557,98175,255,NaN,NaN,100,98175,268,1141,105.945,18.000000000,1.621,0.617,0.931076179,268,1141
271,637,255,0,255,255,255,316.161,1158.098,316.161,1158.098,98.568542495,301,1142,30,31,30.823410134,26.313,57.294,0.824,32.649655435,162435,255,NaN,NaN,100,162435,306,1171,40.030,28.482204182,1.171,0.854,0.932650073,314,1142
272,590,255,0,255,255,255,1140.539,1156.520,1140.539,1156.520,93.254833996,1127,1142,26,30,29.251670009,25.681,74.211,0.853,31.320919527,150450,255,NaN,NaN,100,150450,1138,1172,73.301,26.000000000,1.139,0.878,0.931333860,1143,1142
273,210,255,0,255,255,255,183.595,1152.510,183.595,1152.510,55.941125497,175,1144,17,18,18.042539407,14.819,125.415,0.843,19.723082923,53550,255,NaN,NaN,100,53550,175,1147,149.534,15.652475842,1.217,0.821,0.917030568,184,1144
274,1023,255,0,255,255,255,345.410,1164.724,345.410,1164.724,122.124891681,328,1145,35,41,38.702572825,33.655,93.975,0.862,41.593268686,260865,255,NaN,NaN,100,260865,343,1186,80.311,33.988233258,1.150,0.870,0.948100093,345,1145
275,399,255,0,255,255,255,1060.400,1162.846,1060.400,1162.846,81.012193309,1051,1148,20,29,30.669761778,16.564,65.781,0.764,32.756678708,101745,255,NaN,NaN,100,101745,1052,1177,58.736,18.428503903,1.852,0.540,0.908883827,1061,1148
276,949,255,0,255,255,255,378.957,1168.692,378.957,1168.692,121.539105243,361,1150,38,38,37.217857445,32.466,39.525,0.807,39.560080890,241995,255,NaN,NaN,100,241995,361,1178,16.144,34.648232278,1.146,0.872,0.937283951,387,1150
277,626,255,0,255,255,255,218.101,1168.043,218.101,1168.043,96.225396744,204,1151,29,32,30.102942995,26.477,83.821,0.850,32.984845005,159630,255,NaN,NaN,100,159630,213,1183,75.964,28.195943608,1.137,0.880,0.919236417,218,1151
278,230,255,0,255,255,255,1092.217,1158.865,1092.217,1158.865,57.698484810,1083,1151,18,17,18.838263056,15.545,41.012,0.868,21.260291625,58650,255,NaN,NaN,100,58650,1084,1165,41.186,16.263455967,1.212,0.825,0.931174089,1088,1151
279,304,255,0,255,255,255,241.888,1163.214,241.888,1163.214,68.183766184,231,1152,22,20,21.862798744,17.704,154.888,0.822,23.853720884,77520,255,NaN,NaN,100,77520,231,1159,146.976,19.600000000,1.235,0.810,0.917043741,242,1152
280,835,255,0,255,255,255,291.777,1174.559,291.777,1174.559,114.669047558,277,1156,31,36,37.304728416,28.499,95.052,0.798,39.812058475,212925,255,NaN,NaN,100,212925,284,1156,115.278,30.175932218,1.309,0.764,0.931919643,284,1156
281,212,255,0,255,255,255,197.245,1166.368,197.245,1166.368,55.941125497,188,1158,17,18,18.492170107,14.597,127.342,0.851,20.591260282,54060,255,NaN,NaN,100,54060,192,1158,119.055,16.263455967,1.267,0.789,0.911827957,192,1158
282,516,255,0,255,255,255,1040.711,1175.496,1040.711,1175.496,90.183766184,1030,1159,21,32,33.391581781,19.675,76.086,0.797,33.837848631,131580,255,NaN,NaN,100,131580,1031,1189,55.840,21.000000000,1.697,0.589,0.935630100,1040,1159
283,103,255,0,255,255,255,1076.228,1164.422,1076.228,1164.422,39.455844123,1070,1159,13,12,12.595693693,10.412,7.232,0.831,13.892443989,26265,255,NaN,NaN,100,26265,1070,1167,30.256,11.659265051,1.210,0.827,0.861924686,1072,1159
284,889,255,0,255,255,255,264.209,1181.863,264.209,1181.863,118.325901808,250,1160,30,40,39.478379786,28.672,105.291,0.798,41.761226036,226695,255,NaN,NaN,100,226695,261,1160,106.699,30.000000000,1.377,0.726,0.932354483,261,1160
285,183,255,0,255,255,255,1157.675,1168.418,1157.675,1168.418,50.769552622,1150,1160,16,17,16.145723785,14.431,139.536,0.892,18.027756377,46665,255,NaN,NaN,100,46665,1154,1160,109.440,14.600000000,1.119,0.894,0.912718204,1154,1160
286,570,255,0,255,255,255,1100.663,1178.537,1100.663,1178.537,94.426406871,1087,1162,25,31,31.032256009,23.387,64.497,0.803,33.241540277,145350,255,NaN,NaN,100,145350,1092,1193,68.839,24.735614454,1.327,0.754,0.919354839,1101,1162
287,673,255,0,255,255,255,1124.228,1180.408,1124.228,1180.408,99.740115370,1112,1163,26,35,33.662127181,25.456,87.282,0.850,35.128336141,171615,255,NaN,NaN,100,171615,1124,1163,94.899,25.318371791,1.322,0.756,0.930843707,1124,1163
288,710,255,0,255,255,255,1173.645,1180.114,1173.645,1180.114,105.539105243,1158,1163,32,36,37.503347521,24.105,49.002,0.801,38.275318418,181050,255,NaN,NaN,100,181050,1166,1199,70.145,25.455844123,1.556,0.643,0.920285159,1178,1163
289,543,255,0,255,255,255,991.736,1177.432,991.736,1177.432,95.254833996,978,1164,30,27,33.385059868,20.709,36.664,0.752,37.013511047,138465,255,NaN,NaN,100,138465,979,1191,38.418,22.176674188,1.612,0.620,0.893092105,991,1164
290,828,255,0,255,255,255,964.337,1184.331,964.337,1184.331,116.468037432,949,1165,29,41,38.144356551,27.638,92.711,0.767,41.194659848,211140,255,NaN,NaN,100,211140,965,1206,84.428,29.000000000,1.380,0.725,0.903930131,966,1165
291,169,255,0,255,255,255,1083.660,1175.299,1083.660,1175.299,49.455844123,1078,1166,12,18,18.752353632,11.475,75.581,0.868,19.313207916,43095,255,NaN,NaN,100,43095,1079,1184,68.749,12.000000000,1.634,0.612,0.931129477,1083,1166
292,1725,255,0,255,255,255,402.530,1194.647,402.530,1194.647,161.681240867,379,1168,46,53,53.106658717,41.357,59.620,0.829,56.364882684,439875,255,NaN,NaN,100,439875,395,1221,64.799,43.840620434,1.284,0.779,0.931425486,400,1168
293,223,255,0,255,255,255,1070.513,1178.576,1070.513,1178.576,57.597979746,1062,1168,16,21,19.686979825,14.422,103.803,0.845,21.377558326,56865,255,NaN,NaN,100,56865,1069,1168,100.784,15.572148319,1.365,0.733,0.901010101,1069,1168
294,583,255,0,255,255,255,237.970,1186.196,237.970,1186.196,94.426406871,226,1171,24,32,31.588702123,23.499,68.262,0.822,34.713109915,148665,255,NaN,NaN,100,148665,227,1199,48.504,23.991972701,1.344,0.744,0.932054357,234,1171
295,1007,255,0,255,255,255,320.891,1189.491,320.891,1189.491,123.882250994,302,1171,40,36,37.830288193,33.892,21.343,0.825,41.000000000,256785,255,NaN,NaN,100,256785,302,1195,12.680,34.043231993,1.116,0.896,0.935438922,323,1171
296,338,255,0,255,255,255,1147.417,1182.027,1147.417,1182.027,69.941125497,1138,1171,20,22,21.836029936,19.708,139.857,0.868,24.758836806,86190,255,NaN,NaN,100,86190,1139,1173,136.637,20.000000000,1.108,0.903,0.926027397,1147,1171
297,362,255,0,255,255,255,1021.127,1186.552,1021.127,1186.552,76.183766184,1012,1173,18,28,28.336083338,16.266,67.493,0.784,30.232432916,92310,255,NaN,NaN,100,92310,1012,1198,55.784,18.000000000,1.742,0.574,0.929396662,1022,1173
298,410,255,0,255,255,255,936.415,1184.373,936.415,1184.373,77.698484810,924,1174,24,21,26.197926287,19.926,35.077,0.853,29.732137495,104550,255,NaN,NaN,100,104550,926,1195,42.274,21.000000000,1.315,0.761,0.944700461,936,1174
299,102,255,0,255,255,255,919.382,1182.108,919.382,1182.108,37.556349186,913,1177,12,10,13.092696119,9.919,24.677,0.909,15.000000000,26010,255,NaN,NaN,100,26010,913,1186,36.870,10.000000000,1.320,0.758,0.948837209,918,1177
300,576,255,0,255,255,255,1057.113,1194.536,1057.113,1194.536,93.597979746,1046,1178,23,32,32.134627048,22.822,89.341,0.826,33.241540277,146880,255,NaN,NaN,100,146880,1052,1178,105.709,23.000000000,1.408,0.710,0.938110749,1052,1178
301,1169,255,0,255,255,255,357.453,1199.514,357.453,1199.514,135.296464556,336,1179,42,40,43.527176980,34.195,28.016,0.803,46.615448083,298095,255,NaN,NaN,100,298095,340,1216,35.395,35.157209954,1.273,0.786,0.931474104,359,1179
302,312,255,0,255,255,255,1003.304,1191.638,1003.304,1191.638,69.012193309,993,1180,19,24,23.980237515,16.566,68.676,0.823,26.000000000,79560,255,NaN,NaN,100,79560,999,1204,67.380,18.559827939,1.448,0.691,0.908296943,1004,1180
303,161,255,0,255,255,255,219.717,1190.071,219.717,1190.071,50.384776311,213,1183,13,16,16.934903759,12.105,114.442,0.797,19.849433241,41055,255,NaN,NaN,100,41055,213,1184,130.914,12.654922316,1.399,0.715,0.925287356,215,1183
304,403,255,0,255,255,255,1080.029,1197.440,1080.029,1197.440,79.597979746,1069,1185,22,25,24.255782496,21.154,70.766,0.799,26.925824036,102765,255,NaN,NaN,100,102765,1076,1210,68.199,21.755010637,1.147,0.872,0.900558659,1079,1185
305,325,255,0,255,255,255,913.463,1197.577,913.463,1197.577,69.840620434,901,1187,24,20,25.540995873,16.202,37.721,0.837,26.419689627,82875,255,NaN,NaN,100,82875,901,1202,29.476,17.677669530,1.576,0.634,0.923295455,913,1187
306,162,255,0,255,255,255,948.778,1196.099,948.778,1196.099,47.698484810,941,1188,15,15,15.467440464,13.335,53.558,0.895,16.643316977,41310,255,NaN,NaN,100,41310,944,1203,57.265,14.687392968,1.160,0.862,0.912676056,948,1188
307,246,255,0,255,255,255,1136.610,1199.988,1136.610,1199.988,59.941125497,1128,1189,17,20,19.630248717,15.956,74.048,0.860,21.189620100,62730,255,NaN,NaN,100,62730,1131,1209,70.710,16.617121077,1.230,0.813,0.916201117,1137,1189
308,524,255,0,255,255,255,1033.611,1204.000,1033.611,1204.000,87.840620434,1021,1190,25,28,28.770840033,23.189,47.959,0.853,32.526911935,133620,255,NaN,NaN,100,133620,1022,1215,45.000,23.686822788,1.241,0.806,0.931555556,1031,1190
309,518,255,0,255,255,255,1103.884,1203.407,1103.884,1203.407,88.669047558,1090,1191,27,27,26.211964823,25.162,83.355,0.828,29.154759474,132090,255,NaN,NaN,100,132090,1101,1218,67.834,25.772077914,1.042,0.960,0.924174844,1103,1191
310,303,255,0,255,255,255,1153.652,1201.094,1153.652,1201.094,66.426406871,1144,1191,21,21,21.342237560,18.076,51.481,0.863,22.847319318,77265,255,NaN,NaN,100,77265,1144,1208,23.199,19.091883092,1.181,0.847,0.922374429,1152,1191
311,1021,255,0,255,255,255,289.249,1210.028,289.249,1210.028,123.639610307,272,1192,37,38,37.082450986,35.056,61.381,0.839,40.311288741,260355,255,NaN,NaN,100,260355,285,1230,66.615,36.396286283,1.058,0.945,0.934126258,281,1192
312,761,255,0,255,255,255,982.139,1208.567,982.139,1208.567,109.497474683,967,1192,31,34,36.145224542,26.807,52.879,0.798,40.000000000,194055,255,NaN,NaN,100,194055,968,1224,53.130,30.088666784,1.348,0.742,0.920193470,979,1192
313,804,255,0,255,255,255,254.622,1210.891,254.622,1210.891,111.396969620,236,1195,36,32,36.078598945,28.374,168.263,0.814,38.483762810,205020,255,NaN,NaN,100,205020,236,1204,155.433,29.807242377,1.272,0.786,0.922018349,249,1195
314,413,255,0,255,255,255,931.161,1206.669,931.161,1206.669,77.355339059,919,1196,24,22,23.934905809,21.970,32.941,0.867,26.400757565,105315,255,NaN,NaN,100,105315,924,1217,52.696,22.000000000,1.089,0.918,0.937570942,926,1196
315,218,255,0,255,255,255,1122.303,1207.775,1122.303,1207.775,57.112698372,1115,1198,15,20,19.759619937,14.047,95.812,0.840,21.189620100,55590,255,NaN,NaN,100,55590,1118,1198,109.290,15.000000000,1.407,0.711,0.910229645,1118,1198
316,455,255,0,255,255,255,1009.120,1212.405,1009.120,1212.405,83.254833996,997,1199,24,27,27.280442229,21.236,55.509,0.825,28.653097564,116025,255,NaN,NaN,100,116025,1003,1225,60.751,23.673910831,1.285,0.778,0.900098912,1010,1199
317,319,255,0,255,255,255,891.848,1211.064,891.848,1211.064,70.426406871,880,1200,24,20,25.125169361,16.166,36.828,0.808,26.400757565,81345,255,NaN,NaN,100,81345,880,1218,24.624,18.134631644,1.554,0.643,0.910128388,897,1200
318,659,255,0,255,255,255,953.219,1217.867,953.219,1217.867,98.669047558,939,1203,28,31,30.278246184,27.712,65.784,0.851,33.421549934,168045,255,NaN,NaN,100,168045,940,1228,38.928,28.000000000,1.093,0.915,0.938746439,951,1203
319,830,255,0,255,255,255,321.993,1220.052,321.993,1220.052,114.325901808,304,1204,35,33,35.406928999,29.847,39.978,0.798,37.589892258,211650,255,NaN,NaN,100,211650,317,1237,61.390,31.550168221,1.186,0.843,0.917127072,327,1204
320,212,255,0,255,255,255,1068.509,1215.160,1068.509,1215.160,55.455844123,1062,1205,14,19,19.583065255,13.784,85.825,0.866,20.615528128,54060,255,NaN,NaN,100,54060,1063,1224,67.166,14.000000000,1.421,0.704,0.938053097,1067,1205
321,603,255,0,255,255,255,1087.566,1223.279,1087.566,1223.279,96.083261121,1074,1207,27,31,31.246305657,24.571,102.294,0.821,33.600595233,153765,255,NaN,NaN,100,153765,1077,1211,126.529,25.691213703,1.272,0.786,0.937791602,1087,1207
322,1010,255,0,255,255,255,374.337,1227.782,374.337,1227.782,122.953318806,356,1208,38,39,37.679414100,34.129,38.430,0.840,41.231056256,257550,255,NaN,NaN,100,257550,356,1237,22.834,35.646191149,1.104,0.906,0.939972080,377,1208
323,329,255,0,255,255,255,909.698,1217.272,909.698,1217.272,71.012193309,897,1208,26,18,23.791378615,17.607,24.395,0.820,26.305892876,83895,255,NaN,NaN,100,83895,897,1221,8.746,18.000000000,1.351,0.740,0.920279720,905,1208
324,645,255,0,255,255,255,1049.443,1225.046,1049.443,1225.046,97.254833996,1037,1209,25,33,32.791082696,25.045,78.921,0.857,34.885527085,164475,255,NaN,NaN,100,164475,1045,1242,62.700,25.000000000,1.309,0.764,0.944363104,1046,1209
325,294,255,0,255,255,255,421.874,1222.388,421.874,1222.388,66.911688245,412,1210,19,25,23.792468676,15.733,113.954,0.825,25.179356624,74970,255,NaN,NaN,100,74970,420,1210,96.843,15.949368418,1.512,0.661,0.923076923,420,1210
326,645,255,0,255,255,255,1111.497,1230.984,1111.497,1230.984,97.740115370,1098,1214,26,34,33.097991973,24.812,68.584,0.848,35.171010790,164475,255,NaN,NaN,100,164475,1106,1248,75.174,25.489328794,1.334,0.750,0.942982456,1114,1214
327,644,255,0,255,255,255,829.298,1229.986,829.298,1229.986,102.669047558,812,1215,34,27,37.121257637,22.089,27.404,0.768,38.832975678,164220,255,NaN,NaN,100,164220,814,1242,34.509,24.511784639,1.681,0.595,0.940145985,838,1215
328,341,255,0,255,255,255,1025.699,1225.987,1025.699,1225.987,69.941125497,1014,1216,22,20,22.235650066,19.526,9.126,0.876,23.769728648,86955,255,NaN,NaN,100,86955,1014,1224,157.751,20.000000000,1.139,0.878,0.935528121,1021,1216
329,432,255,0,255,255,255,344.856,1229.157,344.856,1229.157,79.355339059,334,1217,22,25,25.727159814,21.380,61.748,0.862,27.802877549,110160,255,NaN,NaN,100,110160,334,1237,37.694,21.757915722,1.203,0.831,0.940152339,340,1217
330,389,255,0,255,255,255,926.793,1228.513,926.793,1228.513,76.426406871,915,1218,24,23,25.495358657,19.427,46.854,0.837,28.319604517,99195,255,NaN,NaN,100,99195,919,1240,47.862,20.506096654,1.312,0.762,0.919621749,924,1218
331,902,255,0,255,255,255,404.550,1238.622,404.550,1238.622,117.882250994,387,1219,34,39,37.249929771,30.831,88.370,0.816,40.521599179,230010,255,NaN,NaN,100,230010,400,1258,74.249,33.177933644,1.208,0.828,0.931337119,405,1219
332,503,255,0,255,255,255,988.309,1233.472,988.309,1233.472,90.426406871,977,1219,25,29,32.528939313,19.688,59.979,0.773,34.669871647,128265,255,NaN,NaN,100,128265,978,1248,56.768,21.466252584,1.652,0.605,0.936685289,991,1219
333,442,255,0,255,255,255,273.321,1234.348,273.321,1234.348,86.325901808,259,1221,26,28,30.834376677,18.251,135.226,0.745,34.058772732,112710,255,NaN,NaN,100,112710,259,1227,139.764,18.769041613,1.689,0.592,0.916062176,271,1221
334,297,255,0,255,255,255,889.497,1229.820,889.497,1229.820,65.455844123,881,1221,19,19,20.542479271,18.408,46.295,0.871,23.430749028,75735,255,NaN,NaN,100,75735,881,1239,50.194,19.000000000,1.116,0.896,0.953451043,882,1221
335,663,255,0,255,255,255,299.607,1240.138,299.607,1240.138,100.911688245,285,1225,32,29,31.746035271,26.591,169.214,0.818,35.355339059,169065,255,NaN,NaN,100,169065,285,1231,151.260,28.323957621,1.194,0.838,0.924686192,301,1225
336,819,255,0,255,255,255,963.881,1245.748,963.881,1245.748,114.811183182,949,1225,28,41,42.463756816,24.557,67.104,0.781,43.462627624,208845,255,NaN,NaN,100,208845,958,1266,66.975,26.682446312,1.729,0.578,0.934931507,967,1225
337,303,255,0,255,255,255,1070.226,1235.272,1070.226,1235.272,68.426406871,1060,1225,21,22,23.428511262,16.467,128.351,0.813,25.059928172,77265,255,NaN,NaN,100,77265,1063,1225,118.610,18.200000000,1.423,0.703,0.916792738,1063,1225
338,510,255,0,255,255,255,1006.171,1240.765,1006.171,1240.765,93.497474683,992,1226,28,29,30.326742656,21.412,51.078,0.733,33.286633954,130050,255,NaN,NaN,100,130050,995,1255,57.265,23.702320561,1.416,0.706,0.895522388,1003,1226
339,513,255,0,255,255,255,905.763,1241.147,905.763,1241.147,90.183766184,893,1227,25,28,28.914989249,22.589,68.199,0.793,31.240998704,130815,255,NaN,NaN,100,130815,894,1251,50.194,23.954698625,1.280,0.781,0.905560459,901,1227
340,461,255,0,255,255,255,941.140,1243.775,941.140,1243.775,84.183766184,930,1229,22,28,28.626489117,20.504,79.542,0.817,29.410882340,117555,255,NaN,NaN,100,117555,939,1229,107.819,21.343135003,1.396,0.716,0.934143870,939,1229
341,525,255,0,255,255,255,1031.064,1247.470,1031.064,1247.470,87.597979746,1018,1234,26,26,26.077999976,25.633,78.496,0.860,29.732137495,133875,255,NaN,NaN,100,133875,1021,1237,132.274,25.455844123,1.017,0.983,0.933333333,1032,1234
342,367,255,0,255,255,255,327.710,1246.759,327.710,1246.759,73.355339059,317,1236,21,23,23.433005180,19.941,124.571,0.857,26.172504657,93585,255,NaN,NaN,100,93585,318,1238,133.452,20.613937669,1.175,0.851,0.929113924,329,1236
343,787,255,0,255,255,255,353.597,1254.801,353.597,1254.801,108.568542495,337,1238,32,34,33.435484166,29.969,121.648,0.839,38.209946349,200685,255,NaN,NaN,100,200685,339,1243,132.879,30.405591591,1.116,0.896,0.931912374,353,1238
344,699,255,0,255,255,255,1058.466,1254.220,1058.466,1254.220,100.325901808,1043,1239,31,30,31.906767460,27.894,157.162,0.873,33.615472628,178245,255,NaN,NaN,100,178245,1045,1243,149.621,29.282691133,1.144,0.874,0.940147949,1058,1239
345,549,255,0,255,255,255,1088.711,1250.888,1088.711,1250.888,89.497474683,1075,1239,30,25,30.217072901,23.133,26.190,0.861,32.310988843,139995,255,NaN,NaN,100,139995,1075,1260,21.801,24.684158732,1.306,0.766,0.942489270,1082,1239
346,466,255,0,255,255,255,880.785,1253.444,880.785,1253.444,85.497474683,868,1240,25,28,29.938774836,19.818,58.869,0.801,31.906112267,118830,255,NaN,NaN,100,118830,875,1268,57.804,21.913466179,1.511,0.662,0.906614786,881,1240
347,1193,255,0,255,255,255,826.828,1259.881,826.828,1259.881,137.053823869,806,1241,41,41,41.251544880,36.822,63.798,0.798,46.529560497,304215,255,NaN,NaN,100,304215,819,1282,61.783,38.075481193,1.120,0.893,0.940110323,834,1241
348,280,255,0,255,255,255,923.671,1251.632,923.671,1251.632,65.012193309,914,1241,19,22,22.133295603,16.107,104.845,0.832,22.847319318,71400,255,NaN,NaN,100,71400,919,1241,113.199,17.947636253,1.374,0.728,0.906148867,919,1241
349,961,255,0,255,255,255,383.085,1263.908,383.085,1263.908,118.568542495,366,1244,34,37,37.738769050,32.422,114.123,0.859,41.109609582,245055,255,NaN,NaN,100,245055,370,1248,131.055,33.624220962,1.164,0.859,0.948199309,383,1244
350,339,255,0,255,255,255,314.028,1260.568,314.028,1260.568,69.597979746,304,1249,21,22,22.512232606,19.173,128.899,0.879,24.083189158,86445,255,NaN,NaN,100,86445,305,1253,131.634,19.798989873,1.174,0.852,0.937759336,313,1249
351,899,255,0,255,255,255,978.875,1268.433,978.875,1268.433,119.982756057,961,1249,34,38,41.506500066,27.577,51.685,0.785,44.598206242,229245,255,NaN,NaN,100,229245,961,1282,47.726,29.524811917,1.505,0.664,0.916879143,978,1249
352,671,255,0,255,255,255,1008.981,1265.719,1008.981,1265.719,100.911688245,995,1251,29,32,30.041023121,28.439,80.340,0.828,33.241540277,171105,255,NaN,NaN,100,171105,1008,1283,74.291,29.000000000,1.056,0.947,0.930006930,1009,1251
353,229,255,0,255,255,255,895.701,1261.618,895.701,1261.618,56.526911935,887,1252,17,18,18.867385485,15.454,56.579,0.901,20.000000000,58395,255,NaN,NaN,100,58395,888,1268,36.870,16.546903033,1.221,0.819,0.929006085,894,1252
354,830,255,0,255,255,255,855.365,1270.361,855.365,1270.361,114.568542495,838,1254,36,33,37.675058836,28.050,50.129,0.795,39.661064030,211650,255,NaN,NaN,100,211650,845,1287,56.310,30.353310776,1.343,0.745,0.924791086,848,1254
355,219,255,0,255,255,255,912.564,1263.568,912.564,1263.568,56.769552622,904,1255,18,18,18.972095986,14.697,138.667,0.854,20.248456731,55845,255,NaN,NaN,100,55845,905,1256,122.905,15.475969048,1.291,0.775,0.918238994,909,1255
356,562,255,0,255,255,255,336.724,1273.308,336.724,1273.308,93.396969620,322,1258,30,29,32.149524861,22.257,132.483,0.810,34.828149535,143310,255,NaN,NaN,100,143310,326,1260,129.174,22.483201276,1.444,0.692,0.923582580,335,1258
357,1354,255,0,255,255,255,937.369,1278.086,937.369,1278.086,138.710678119,915,1258,45,39,46.802100472,36.835,26.422,0.884,49.658836072,345270,255,NaN,NaN,100,345270,915,1288,25.017,38.616148132,1.271,0.787,0.948511384,934,1258
358,543,255,0,255,255,255,1035.859,1272.290,1035.859,1272.290,92.083261121,1022,1259,27,29,27.538235017,25.106,118.414,0.805,31.240998704,138465,255,NaN,NaN,100,138465,1025,1261,129.806,26.193847504,1.097,0.912,0.915682968,1042,1259
359,952,255,0,255,255,255,799.207,1278.322,799.207,1278.322,120.568542495,782,1260,36,36,38.103001688,31.812,121.370,0.823,42.438190348,242760,255,NaN,NaN,100,242760,787,1261,124.439,31.566790527,1.198,0.835,0.940711462,799,1260
360,136,255,0,255,255,255,1073.934,1268.338,1073.934,1268.338,45.355339059,1066,1261,16,14,17.266254387,10.029,38.936,0.831,18.027756377,34680,255,NaN,NaN,100,34680,1067,1275,33.690,10.606601718,1.722,0.581,0.894736842,1074,1261
361,364,255,0,255,255,255,876.431,1279.036,876.431,1279.036,80.669047558,863,1267,26,24,30.508466535,15.191,39.194,0.703,31.240998704,92820,255,NaN,NaN,100,92820,863,1287,39.806,18.384776311,2.008,0.498,0.869772999,882,1267
362,585,255,0,255,255,255,899.845,1282.004,899.845,1282.004,94.669047558,885,1268,29,28,30.737940565,24.232,31.800,0.820,32.202484376,149175,255,NaN,NaN,100,149175,885,1288,25.769,25.930676813,1.268,0.788,0.927835052,903,1268
363,267,255,0,255,255,255,1055.493,1277.096,1055.493,1277.096,64.526911935,1046,1268,20,19,21.653342185,15.700,41.512,0.806,24.207436874,68085,255,NaN,NaN,100,68085,1046,1285,38.290,18.027756377,1.379,0.725,0.915951973,1050,1268
364,568,255,0,255,255,255,362.569,1285.778,362.569,1285.778,90.911688245,349,1272,28,28,28.738061928,25.165,128.757,0.864,31.890437438,144840,255,NaN,NaN,100,144840,353,1273,131.186,25.455844123,1.142,0.876,0.932676519,360,1272
365,682,255,0,255,255,255,994.043,1292.305,994.043,1292.305,100.468037432,979,1275,30,34,32.128338835,27.028,52.452,0.849,34.058772732,173910,255,NaN,NaN,100,173910,994,1275,93.366,27.072826432,1.189,0.841,0.927260367,994,1275
366,460,255,0,255,255,255,1021.243,1290.254,1021.243,1290.254,80.911688245,1009,1277,25,26,25.241011029,23.204,149.684,0.883,27.313000567,117300,255,NaN,NaN,100,117300,1009,1284,156.251,24.041630560,1.088,0.919,0.931174089,1019,1277
367,701,255,0,255,255,255,392.131,1293.245,392.131,1293.245,101.740115370,375,1279,34,28,33.872612249,26.350,176.788,0.851,35.171010790,178755,255,NaN,NaN,100,178755,375,1297,14.826,27.264019012,1.285,0.778,0.925412541,398,1279
368,558,255,0,255,255,255,827.573,1293.109,827.573,1293.109,94.568542495,812,1280,32,27,31.644666634,22.451,29.879,0.784,33.526109228,142290,255,NaN,NaN,100,142290,812,1297,17.354,23.926168487,1.409,0.709,0.908794788,834,1280
369,743,255,0,255,255,255,963.321,1298.785,963.321,1298.785,105.396969620,945,1283,35,30,33.305163262,28.405,21.114,0.841,36.235341864,189465,255,NaN,NaN,100,189465,950,1311,39.401,29.064371745,1.173,0.853,0.932245922,960,1283
370,558,255,0,255,255,255,851.065,1300.009,851.065,1300.009,93.497474683,836,1287,30,27,31.814974428,22.331,43.996,0.802,33.105890714,142290,255,NaN,NaN,100,142290,836,1305,25.017,24.104471524,1.425,0.702,0.922314050,855,1287
371,747,255,0,255,255,255,874.697,1305.100,874.697,1305.100,109.154328933,859,1287,31,35,38.441435342,24.742,56.905,0.788,40.496913463,190485,255,NaN,NaN,100,190485,862,1321,57.095,26.392593005,1.554,0.644,0.932002495,878,1287
372,721,255,0,255,255,255,904.040,1305.551,904.040,1305.551,109.982756057,887,1289,35,32,38.112829487,24.087,36.249,0.749,39.824615503,183855,255,NaN,NaN,100,183855,887,1315,28.496,26.718085589,1.582,0.632,0.909205549,913,1289
373,763,255,0,255,255,255,800.161,1309.892,800.161,1309.892,105.396969620,781,1296,37,28,34.679046493,28.014,13.153,0.863,37.656340768,194565,255,NaN,NaN,100,194565,781,1313,10.713,28.000000000,1.238,0.808,0.943139679,791,1296
374,644,255,0,255,255,255,932.127,1309.915,932.127,1309.915,98.669047558,915,1298,34,25,33.600608052,24.403,17.313,0.831,35.171010790,164220,255,NaN,NaN,100,164220,915,1317,14.826,25.000000000,1.377,0.726,0.942209217,923,1298
375,541,255,0,255,255,255,827.672,1318.400,827.672,1318.400,89.740115370,812,1305,30,26,29.237689786,23.559,34.338,0.844,31.320919527,137955,255,NaN,NaN,100,137955,812,1323,16.699,24.947002649,1.241,0.806,0.931153184,831,1305
376,374,255,0,255,255,255,981.436,1315.414,981.436,1315.414,77.012193309,969,1305,26,21,27.609095712,17.248,23.072,0.792,29.681644159,95370,255,NaN,NaN,100,95370,970,1326,32.619,18.335757415,1.601,0.625,0.925742574,980,1305
377,179,255,0,255,255,255,397.327,1313.377,397.327,1313.377,52.627416998,388,1307,17,14,18.620626135,12.240,149.698,0.812,21.400934559,45645,255,NaN,NaN,100,45645,388,1308,142.595,13.863621460,1.521,0.657,0.937172775,393,1307
378,350,255,0,255,255,255,849.226,1324.129,849.226,1324.129,75.597979746,837,1313,24,22,25.736700993,17.315,48.240,0.770,27.202941017,89250,255,NaN,NaN,100,89250,842,1335,53.973,19.075117395,1.486,0.673,0.888324873,853,1313
379,200,255,0,255,255,255,883.815,1325.375,883.815,1325.375,56.526911935,877,1315,15,20,18.848088330,13.511,66.955,0.787,20.124611797,51000,255,NaN,NaN,100,51000,877,1333,63.435,14.824054011,1.395,0.717,0.900900901,885,1315
380,634,255,0,255,255,255,905.396,1330.213,905.396,1330.213,103.396969620,888,1318,37,27,37.988635207,21.249,20.154,0.745,39.217343102,161670,255,NaN,NaN,100,161670,888,1337,19.359,22.847319318,1.788,0.559,0.920174165,910,1318
381,260,255,0,255,255,255,866.123,1330.142,866.123,1330.142,63.355339059,855,1322,21,17,21.991537677,15.053,27.952,0.814,24.186773245,66300,255,NaN,NaN,100,66300,855,1334,29.745,16.635362759,1.461,0.684,0.918727915,862,1322
382,558,255,0,255,255,255,804.041,1334.756,804.041,1334.756,90.325901808,788,1323,32,24,30.352032395,23.408,172.533,0.859,32.249030993,142290,255,NaN,NaN,100,142290,788,1332,172.875,24.000000000,1.297,0.771,0.944961897,807,1323
383,333,255,0,255,255,255,826.797,1340.410,826.797,1340.410,78.325901808,814,1329,27,23,28.801265390,14.721,38.899,0.682,29.546573405,84915,255,NaN,NaN,100,84915,814,1347,23.962,18.065917040,1.956,0.511,0.853846154,835,1329
384,858,255,0,255,255,255,875.730,1349.599,875.730,1349.599,114.568542495,856,1334,40,29,39.914078270,27.370,10.201,0.821,41.761226036,218790,255,NaN,NaN,100,218790,856,1358,16.699,28.460498942,1.458,0.686,0.934640523,875,1334
385,283,255,0,255,255,255,847.221,1342.885,847.221,1342.885,66.183766184,834,1335,26,15,25.271970120,14.258,13.801,0.812,26.925824036,72165,255,NaN,NaN,100,72165,834,1347,15.068,14.636098682,1.772,0.564,0.930921053,849,1335
386,340,255,0,255,255,255,682.176,1354.956,682.176,1354.956,72.769552622,668,1346,27,17,26.313597477,16.452,12.715,0.807,28.635642127,86700,255,NaN,NaN,100,86700,668,1360,24.775,17.000000000,1.599,0.625,0.926430518,677,1346
387,401,255,0,255,255,255,804.630,1359.495,804.630,1359.495,82.669047558,793,1347,25,26,30.179266143,16.918,52.223,0.737,31.400636936,102255,255,NaN,NaN,100,102255,794,1372,52.765,19.225383861,1.784,0.561,0.877461707,810,1347
388,311,255,0,255,255,255,825.963,1358.960,825.963,1358.960,72.911688245,814,1347,23,24,25.944399791,15.263,44.236,0.735,26.925824036,79305,255,NaN,NaN,100,79305,814,1364,31.329,17.149858514,1.700,0.588,0.877291961,832,1347
389,231,255,0,255,255,255,844.790,1357.374,844.790,1357.374,61.455844123,835,1350,20,16,21.841728964,13.466,29.801,0.769,24.413111231,58905,255,NaN,NaN,100,58905,835,1364,34.992,15.622083886,1.622,0.617,0.911242604,848,1350
390,104,255,0,255,255,255,854.385,1364.442,854.385,1364.442,41.455844123,846,1359,16,10,15.761831754,8.401,16.454,0.760,17.088007491,26520,255,NaN,NaN,100,26520,846,1369,20.556,9.497111242,1.876,0.533,0.892703863,854,1359
391,128,255,0,255,255,255,812.062,1371.883,812.062,1371.883,43.112698372,804,1365,16,12,14.708484572,11.080,15.705,0.865,16.492422502,32640,255,NaN,NaN,100,32640,804,1375,14.036,12.000000000,1.327,0.753,0.914285714,811,1365
